,mean_fit_time,std_fit_time,mean_score_time,std_score_time,param_NN__alpha,param_NN__hidden_layer_sizes,param_km__n_clusters,params,split0_test_score,split1_test_score,split2_test_score,split3_test_score,split4_test_score,mean_test_score,std_test_score,rank_test_score,split0_train_score,split1_train_score,split2_train_score,split3_train_score,split4_train_score,mean_train_score,std_train_score
0,1.626830244064331,0.42506775155946347,0.0066948413848876955,0.0035369271974695763,0.1,"(50, 50)",2,"{'NN__alpha': 0.1, 'NN__hidden_layer_sizes': (50, 50), 'km__n_clusters': 2}",0.5,0.4999999999999999,0.5,0.5,0.5,0.5,4.968877335291441e-17,47,0.5,0.5,0.5000000000000001,0.5,0.5,0.5,4.965068306494546e-17
1,1.4492376804351808,0.2544625401829149,0.005996561050415039,0.0017934900755849777,0.1,"(50, 50)",3,"{'NN__alpha': 0.1, 'NN__hidden_layer_sizes': (50, 50), 'km__n_clusters': 3}",0.5,0.4999999999999999,0.5,0.5,0.5,0.5,4.968877335291441e-17,47,0.5,0.5,0.5000000000000001,0.5,0.5,0.5,4.965068306494546e-17
2,1.962045669555664,0.2907448707148907,0.008547592163085937,0.0018256707087672907,0.1,"(50, 50)",4,"{'NN__alpha': 0.1, 'NN__hidden_layer_sizes': (50, 50), 'km__n_clusters': 4}",0.5,0.4999999999999999,0.5,0.5,0.5,0.5,4.968877335291441e-17,47,0.5,0.5,0.5000000000000001,0.5,0.5,0.5,4.965068306494546e-17
3,2.369304084777832,0.4215937275992985,0.00865345001220703,0.00263706388935462,0.1,"(50, 50)",5,"{'NN__alpha': 0.1, 'NN__hidden_layer_sizes': (50, 50), 'km__n_clusters': 5}",0.5,0.4999999999999999,0.5,0.5,0.5,0.5,4.968877335291441e-17,47,0.5,0.5,0.5000000000000001,0.5,0.5,0.5,4.965068306494546e-17
4,2.516001749038696,0.28395527051405534,0.01482081413269043,0.015223846516508491,0.1,"(50, 50)",6,"{'NN__alpha': 0.1, 'NN__hidden_layer_sizes': (50, 50), 'km__n_clusters': 6}",0.5,0.4999999999999999,0.5,0.5,0.5,0.5,4.968877335291441e-17,47,0.5,0.5,0.5000000000000001,0.5,0.5,0.5,4.965068306494546e-17
5,2.8174752712249758,0.18466980838438707,0.008038902282714843,0.0008096035491274067,0.1,"(50, 50)",7,"{'NN__alpha': 0.1, 'NN__hidden_layer_sizes': (50, 50), 'km__n_clusters': 7}",0.5,0.4999999999999999,0.5,0.5,0.5,0.5,4.968877335291441e-17,47,0.5,0.5,0.5000000000000001,0.5,0.5,0.5,4.965068306494546e-17
6,2.9563844203948975,0.3719556516979156,0.007991838455200195,0.0007645995794086206,0.1,"(50, 50)",8,"{'NN__alpha': 0.1, 'NN__hidden_layer_sizes': (50, 50), 'km__n_clusters': 8}",0.5,0.4999999999999999,0.5,0.5,0.5,0.5,4.968877335291441e-17,47,0.5,0.5,0.5000000000000001,0.5,0.5,0.5,4.965068306494546e-17
7,2.8277004241943358,0.4696739078671242,0.008232879638671874,0.0026724358521296697,0.1,"(50, 50)",9,"{'NN__alpha': 0.1, 'NN__hidden_layer_sizes': (50, 50), 'km__n_clusters': 9}",0.5,0.4999999999999999,0.5,0.5,0.5,0.5,4.968877335291441e-17,47,0.5,0.5,0.5000000000000001,0.5,0.5,0.5,4.965068306494546e-17
8,3.147533321380615,0.34331992366006986,0.006931209564208984,0.002233048871069011,0.1,"(50, 50)",10,"{'NN__alpha': 0.1, 'NN__hidden_layer_sizes': (50, 50), 'km__n_clusters': 10}",0.5,0.4999999999999999,0.5,0.5,0.5,0.5,4.968877335291441e-17,47,0.5,0.5,0.5000000000000001,0.5,0.5,0.5,4.965068306494546e-17
9,3.393410587310791,0.4277576492400524,0.0059603691101074215,0.002158061435717189,0.1,"(50, 50)",15,"{'NN__alpha': 0.1, 'NN__hidden_layer_sizes': (50, 50), 'km__n_clusters': 15}",0.5,0.4999999999999999,0.5,0.5,0.5,0.5,4.968877335291441e-17,47,0.5,0.5,0.5000000000000001,0.5,0.5,0.5,4.965068306494546e-17
10,3.6899812698364256,0.799178441007035,0.0105316162109375,0.008021426359851157,0.1,"(50, 50)",20,"{'NN__alpha': 0.1, 'NN__hidden_layer_sizes': (50, 50), 'km__n_clusters': 20}",0.5,0.4999999999999999,0.5,0.5,0.5,0.5,4.968877335291441e-17,47,0.5,0.5,0.5000000000000001,0.5,0.5,0.5,4.965068306494546e-17
11,3.7159257888793946,0.338727632196626,0.010996294021606446,0.0055665824076945435,0.1,"(50, 50)",25,"{'NN__alpha': 0.1, 'NN__hidden_layer_sizes': (50, 50), 'km__n_clusters': 25}",0.5,0.4999999999999999,0.5,0.5,0.5,0.5,4.968877335291441e-17,47,0.5,0.5,0.5000000000000001,0.5,0.5,0.5,4.965068306494546e-17
12,3.7115782260894776,0.36897288402711115,0.007705783843994141,0.0009143775012563463,0.1,"(50, 50)",30,"{'NN__alpha': 0.1, 'NN__hidden_layer_sizes': (50, 50), 'km__n_clusters': 30}",0.5,0.4999999999999999,0.5,0.5,0.5,0.5,4.968877335291441e-17,47,0.5,0.5,0.5000000000000001,0.5,0.5,0.5,4.965068306494546e-17
13,4.397159576416016,0.9144184566004132,0.0077970027923583984,0.0032532612818086423,0.1,"(50, 50)",35,"{'NN__alpha': 0.1, 'NN__hidden_layer_sizes': (50, 50), 'km__n_clusters': 35}",0.5,0.4999999999999999,0.5,0.5,0.5207450509139206,0.5041394575883495,0.008290847321027037,23,0.5,0.5,0.5000000000000001,0.5,0.5211263596026231,0.5042252719205246,0.00845054384104923
14,5.043648147583008,0.4112951951436645,0.016890287399291992,0.01655807641471672,0.1,"(50, 50)",40,"{'NN__alpha': 0.1, 'NN__hidden_layer_sizes': (50, 50), 'km__n_clusters': 40}",0.5,0.4999999999999999,0.5,0.5,0.5,0.5,4.968877335291441e-17,47,0.5,0.5,0.5000000000000001,0.5,0.5,0.5,4.965068306494546e-17
15,1.0423536777496338,0.13510256210390995,0.005413866043090821,0.0017228145504330494,0.1,"(50,)",2,"{'NN__alpha': 0.1, 'NN__hidden_layer_sizes': (50,), 'km__n_clusters': 2}",0.5,0.5077864031992472,0.5,0.5,0.5051546391752577,0.5025882251884655,0.0032782835743983838,30,0.5,0.5029343052051211,0.5000000000000001,0.5,0.5017984057800292,0.50094654219703,0.001213647373222584
16,1.3365557193756104,0.18624206345213812,0.005728864669799804,0.001101146345937454,0.1,"(50,)",3,"{'NN__alpha': 0.1, 'NN__hidden_layer_sizes': (50,), 'km__n_clusters': 3}",0.5,0.4999999999999999,0.5,0.5,0.5,0.5,4.968877335291441e-17,47,0.5,0.5,0.5000000000000001,0.5,0.5,0.5,4.965068306494546e-17
17,1.6249346256256103,0.10236458307353986,0.01812601089477539,0.016686785202530207,0.1,"(50,)",4,"{'NN__alpha': 0.1, 'NN__hidden_layer_sizes': (50,), 'km__n_clusters': 4}",0.5,0.4999999999999999,0.5,0.5,0.5,0.5,4.968877335291441e-17,47,0.5,0.5,0.5000000000000001,0.5,0.5,0.5,4.965068306494546e-17
18,1.6178943157196044,0.3132690163231974,0.0055520057678222655,0.0033253793703345007,0.1,"(50,)",5,"{'NN__alpha': 0.1, 'NN__hidden_layer_sizes': (50,), 'km__n_clusters': 5}",0.5,0.4999999999999999,0.5,0.5,0.5,0.5,4.968877335291441e-17,47,0.5,0.5,0.5000000000000001,0.5,0.5,0.5,4.965068306494546e-17
19,1.9307971477508545,0.46961385410744105,0.007595968246459961,0.003758885857659835,0.1,"(50,)",6,"{'NN__alpha': 0.1, 'NN__hidden_layer_sizes': (50,), 'km__n_clusters': 6}",0.5,0.4999999999999999,0.5,0.5,0.5,0.5,4.968877335291441e-17,47,0.5,0.5,0.5000000000000001,0.5,0.5,0.5,4.965068306494546e-17
20,2.125587511062622,0.21018625726497328,0.005219125747680664,0.0012040649686469568,0.1,"(50,)",7,"{'NN__alpha': 0.1, 'NN__hidden_layer_sizes': (50,), 'km__n_clusters': 7}",0.5,0.4999999999999999,0.5,0.5,0.5,0.5,4.968877335291441e-17,47,0.5,0.5,0.5000000000000001,0.5,0.5,0.5,4.965068306494546e-17
21,2.252022552490234,0.2913926465026159,0.006308698654174804,0.0021066613497309028,0.1,"(50,)",8,"{'NN__alpha': 0.1, 'NN__hidden_layer_sizes': (50,), 'km__n_clusters': 8}",0.5,0.4999999999999999,0.5,0.5,0.5,0.5,4.968877335291441e-17,47,0.5,0.5,0.5000000000000001,0.5,0.5,0.5,4.965068306494546e-17
22,2.3378880500793455,0.16197287075656544,0.008772039413452148,0.004155440609341006,0.1,"(50,)",9,"{'NN__alpha': 0.1, 'NN__hidden_layer_sizes': (50,), 'km__n_clusters': 9}",0.5,0.5051752528816748,0.5,0.5066855434953594,0.5,0.5023732349061076,0.0029442307436843927,34,0.5,0.505432841987222,0.5000000000000001,0.5052925472834966,0.5,0.5021450778541438,0.0026275476705277952
23,2.3873289585113526,0.3001934652421282,0.004918098449707031,0.0009778951050003865,0.1,"(50,)",10,"{'NN__alpha': 0.1, 'NN__hidden_layer_sizes': (50,), 'km__n_clusters': 10}",0.5,0.4999999999999999,0.5,0.5,0.5,0.5,4.968877335291441e-17,47,0.5,0.5,0.5000000000000001,0.5,0.5,0.5,4.965068306494546e-17
24,2.8659528255462647,0.4288531778073833,0.005881738662719726,0.0013513794343816426,0.1,"(50,)",15,"{'NN__alpha': 0.1, 'NN__hidden_layer_sizes': (50,), 'km__n_clusters': 15}",0.5,0.4999999999999999,0.5,0.5,0.5,0.5,4.968877335291441e-17,47,0.5,0.5,0.5000000000000001,0.5,0.5,0.5,4.965068306494546e-17
25,2.770369291305542,0.2596583161347043,0.015470600128173828,0.019305637151716976,0.1,"(50,)",20,"{'NN__alpha': 0.1, 'NN__hidden_layer_sizes': (50,), 'km__n_clusters': 20}",0.5,0.4999999999999999,0.5,0.5,0.5,0.5,4.968877335291441e-17,47,0.5,0.5,0.5000000000000001,0.5,0.5,0.5,4.965068306494546e-17
26,3.215070915222168,0.23795465141751512,0.007470035552978515,0.002009433621205032,0.1,"(50,)",25,"{'NN__alpha': 0.1, 'NN__hidden_layer_sizes': (50,), 'km__n_clusters': 25}",0.5,0.4999999999999999,0.5,0.5,0.5,0.5,4.968877335291441e-17,47,0.5,0.5,0.5000000000000001,0.5,0.5,0.5,4.965068306494546e-17
27,3.3225889205932617,0.3362113624655341,0.014696025848388672,0.01787894601069295,0.1,"(50,)",30,"{'NN__alpha': 0.1, 'NN__hidden_layer_sizes': (50,), 'km__n_clusters': 30}",0.5,0.4999999999999999,0.5,0.5,0.5,0.5,4.968877335291441e-17,47,0.5,0.5,0.5000000000000001,0.5,0.5,0.5,4.965068306494546e-17
28,3.9149844646453857,0.2612251554431436,0.007191944122314453,0.0018768623432307726,0.1,"(50,)",35,"{'NN__alpha': 0.1, 'NN__hidden_layer_sizes': (50,), 'km__n_clusters': 35}",0.5,0.4999999999999999,0.5,0.5,0.5,0.5,4.968877335291441e-17,47,0.5,0.5,0.5000000000000001,0.5,0.5,0.5,4.965068306494546e-17
29,4.705116891860962,0.4886298456414585,0.007174348831176758,0.0036060789978400055,0.1,"(50,)",40,"{'NN__alpha': 0.1, 'NN__hidden_layer_sizes': (50,), 'km__n_clusters': 40}",0.5,0.4999999999999999,0.5,0.5,0.5,0.5,4.968877335291441e-17,47,0.5,0.5,0.5000000000000001,0.5,0.5,0.5,4.965068306494546e-17
30,0.7396352291107178,0.15864298392954604,0.02370734214782715,0.013827911847638189,0.1,"(25,)",2,"{'NN__alpha': 0.1, 'NN__hidden_layer_sizes': (25,), 'km__n_clusters': 2}",0.5,0.4999999999999999,0.5,0.5,0.5,0.5,4.968877335291441e-17,47,0.5,0.5,0.5000000000000001,0.5,0.5,0.5,4.965068306494546e-17
31,0.8604856491088867,0.13714889704291514,0.046837902069091795,0.021873056942086102,0.1,"(25,)",3,"{'NN__alpha': 0.1, 'NN__hidden_layer_sizes': (25,), 'km__n_clusters': 3}",0.5,0.4999999999999999,0.5080462482302973,0.5107047349378637,0.5,0.5037487575712247,0.004669019777891118,27,0.5,0.5,0.5414862184408094,0.5350908318867988,0.5,0.5153154100655216,0.018866180724517196
32,0.9569566726684571,0.12785261756572935,0.03336853981018066,0.02138865177201935,0.1,"(25,)",4,"{'NN__alpha': 0.1, 'NN__hidden_layer_sizes': (25,), 'km__n_clusters': 4}",0.5,0.4999999999999999,0.5,0.5,0.5,0.5,4.968877335291441e-17,47,0.5,0.5,0.5000000000000001,0.5,0.5,0.5,4.965068306494546e-17
33,1.1593225479125977,0.25023524736980957,0.05329694747924805,0.024794780055705203,0.1,"(25,)",5,"{'NN__alpha': 0.1, 'NN__hidden_layer_sizes': (25,), 'km__n_clusters': 5}",0.5,0.4999999999999999,0.5,0.5,0.5,0.5,4.968877335291441e-17,47,0.5,0.5,0.5000000000000001,0.5,0.5,0.5,4.965068306494546e-17
34,1.2982846736907958,0.3514537777895805,0.05484895706176758,0.01465173432089318,0.1,"(25,)",6,"{'NN__alpha': 0.1, 'NN__hidden_layer_sizes': (25,), 'km__n_clusters': 6}",0.5,0.49442484121383196,0.5078338839075036,0.5,0.49846625766871167,0.5001433901063544,0.0043524806266726085,46,0.5,0.5023480343696359,0.49924658974968894,0.5,0.5,0.500318924823865,0.001055682451296682
35,1.4295639514923095,0.11935915521598561,0.05840954780578613,0.014235877494955623,0.1,"(25,)",7,"{'NN__alpha': 0.1, 'NN__hidden_layer_sizes': (25,), 'km__n_clusters': 7}",0.5,0.4999999999999999,0.5,0.5,0.5,0.5,4.968877335291441e-17,47,0.5,0.5,0.5000000000000001,0.5,0.5,0.5,4.965068306494546e-17
36,1.532819652557373,0.2860699411256015,0.06787896156311035,0.03373405251913187,0.1,"(25,)",8,"{'NN__alpha': 0.1, 'NN__hidden_layer_sizes': (25,), 'km__n_clusters': 8}",0.5,0.4999999999999999,0.5,0.5,0.5,0.5,4.968877335291441e-17,47,0.5,0.5,0.5000000000000001,0.5,0.5,0.5,4.965068306494546e-17
37,1.5085786819458007,0.38322871370673794,0.07456636428833008,0.032729302220213266,0.1,"(25,)",9,"{'NN__alpha': 0.1, 'NN__hidden_layer_sizes': (25,), 'km__n_clusters': 9}",0.5046812514702422,0.4999999999999999,0.5,0.5,0.5,0.5009376873628036,0.0018735775285241517,42,0.5036809152120559,0.5,0.5000000000000001,0.5,0.5,0.5007361830424112,0.001472366084822363
38,1.6344431400299073,0.23250143825291586,0.05429840087890625,0.022123171201046423,0.1,"(25,)",10,"{'NN__alpha': 0.1, 'NN__hidden_layer_sizes': (25,), 'km__n_clusters': 10}",0.5,0.4999999999999999,0.5,0.5,0.5,0.5,4.968877335291441e-17,47,0.5,0.5,0.5000000000000001,0.5,0.5,0.5,4.965068306494546e-17
39,2.1209853649139405,0.2247530864437766,0.060535097122192384,0.016091637848545157,0.1,"(25,)",15,"{'NN__alpha': 0.1, 'NN__hidden_layer_sizes': (25,), 'km__n_clusters': 15}",0.5,0.4999999999999999,0.5,0.5,0.5,0.5,4.968877335291441e-17,47,0.5,0.5,0.5000000000000001,0.5,0.5,0.5,4.965068306494546e-17
40,1.8534306049346925,0.25247137720828045,0.0490419864654541,0.02811964077628638,0.1,"(25,)",20,"{'NN__alpha': 0.1, 'NN__hidden_layer_sizes': (25,), 'km__n_clusters': 20}",0.5,0.4999999999999999,0.5,0.5,0.5,0.5,4.968877335291441e-17,47,0.5,0.5,0.5000000000000001,0.5,0.5,0.5,4.965068306494546e-17
41,2.300531435012817,0.1665111671881734,0.0672515869140625,0.013043683450626821,0.1,"(25,)",25,"{'NN__alpha': 0.1, 'NN__hidden_layer_sizes': (25,), 'km__n_clusters': 25}",0.6206539637732299,0.4999999999999999,0.5,0.5,0.5,0.5241678315769862,0.048289342431158074,17,0.6076648026008391,0.5,0.5000000000000001,0.5,0.5,0.5215329605201678,0.04306592104033563
42,2.7794124126434325,0.13628261219396412,0.05243372917175293,0.009041556111081869,0.1,"(25,)",30,"{'NN__alpha': 0.1, 'NN__hidden_layer_sizes': (25,), 'km__n_clusters': 30}",0.5,0.4999999999999999,0.5,0.5,0.5,0.5,4.968877335291441e-17,47,0.5,0.5,0.5000000000000001,0.5,0.5,0.5,4.965068306494546e-17
43,2.84354248046875,0.30366924769619424,0.07490859031677247,0.03159904278165834,0.1,"(25,)",35,"{'NN__alpha': 0.1, 'NN__hidden_layer_sizes': (25,), 'km__n_clusters': 35}",0.5,0.5118325099976476,0.5,0.5,0.5,0.5023701343893983,0.004735726114812344,35,0.5,0.5144482315966536,0.5000000000000001,0.5,0.5,0.5028896463193308,0.0057792926386614485
44,3.1244881629943846,0.3692333767158762,0.07551813125610352,0.03021399389184649,0.1,"(25,)",40,"{'NN__alpha': 0.1, 'NN__hidden_layer_sizes': (25,), 'km__n_clusters': 40}",0.5,0.4999999999999999,0.5,0.5,0.5,0.5,4.968877335291441e-17,47,0.5,0.5,0.5000000000000001,0.5,0.5,0.5,4.965068306494546e-17
45,1.0617273330688477,0.2416396680676628,0.041150379180908206,0.012435367134168686,0.1,"(25, 25)",2,"{'NN__alpha': 0.1, 'NN__hidden_layer_sizes': (25, 25), 'km__n_clusters': 2}",0.5,0.4999999999999999,0.5,0.5,0.5,0.5,4.968877335291441e-17,47,0.5,0.5,0.5000000000000001,0.5,0.5,0.5,4.965068306494546e-17
46,0.9576094627380372,0.28012919001231007,0.059641122817993164,0.018366575796011312,0.1,"(25, 25)",3,"{'NN__alpha': 0.1, 'NN__hidden_layer_sizes': (25, 25), 'km__n_clusters': 3}",0.5,0.4999999999999999,0.5,0.5,0.5,0.5,4.968877335291441e-17,47,0.5,0.5,0.5000000000000001,0.5,0.5,0.5,4.965068306494546e-17
47,1.0601585865020753,0.18837186060848043,0.07972164154052734,0.02572019953106962,0.1,"(25, 25)",4,"{'NN__alpha': 0.1, 'NN__hidden_layer_sizes': (25, 25), 'km__n_clusters': 4}",0.5,0.4999999999999999,0.5,0.5,0.5,0.5,4.968877335291441e-17,47,0.5,0.5,0.5000000000000001,0.5,0.5,0.5,4.965068306494546e-17
48,1.2825109481811523,0.28070701841800644,0.06298594474792481,0.015657615825569987,0.1,"(25, 25)",5,"{'NN__alpha': 0.1, 'NN__hidden_layer_sizes': (25, 25), 'km__n_clusters': 5}",0.5,0.4999999999999999,0.5,0.5,0.5,0.5,4.968877335291441e-17,47,0.5,0.5,0.5000000000000001,0.5,0.5,0.5,4.965068306494546e-17
49,1.1211310863494872,0.30695096745198025,0.0657261848449707,0.01839642969327277,0.1,"(25, 25)",6,"{'NN__alpha': 0.1, 'NN__hidden_layer_sizes': (25, 25), 'km__n_clusters': 6}",0.5,0.4999999999999999,0.5,0.5,0.5,0.5,4.968877335291441e-17,47,0.5,0.5,0.5000000000000001,0.5,0.5,0.5,4.965068306494546e-17
50,1.5337677478790284,0.16712664985894812,0.04831862449645996,0.028796679853466362,0.1,"(25, 25)",7,"{'NN__alpha': 0.1, 'NN__hidden_layer_sizes': (25, 25), 'km__n_clusters': 7}",0.5,0.4999999999999999,0.5,0.5,0.5,0.5,4.968877335291441e-17,47,0.5,0.5,0.5000000000000001,0.5,0.5,0.5,4.965068306494546e-17
51,1.4662092208862305,0.07616941549593677,0.052376937866210935,0.03087897955372671,0.1,"(25, 25)",8,"{'NN__alpha': 0.1, 'NN__hidden_layer_sizes': (25, 25), 'km__n_clusters': 8}",0.5,0.4999999999999999,0.5,0.5,0.5,0.5,4.968877335291441e-17,47,0.5,0.5,0.5000000000000001,0.5,0.5,0.5,4.965068306494546e-17
52,1.5753595352172851,0.26046099751816776,0.07027912139892578,0.04732071495904749,0.1,"(25, 25)",9,"{'NN__alpha': 0.1, 'NN__hidden_layer_sizes': (25, 25), 'km__n_clusters': 9}",0.5,0.4999999999999999,0.5,0.5,0.5,0.5,4.968877335291441e-17,47,0.5,0.5,0.5000000000000001,0.5,0.5,0.5,4.965068306494546e-17
53,1.7089338302612305,0.21432350578083442,0.06339402198791504,0.03505852665806717,0.1,"(25, 25)",10,"{'NN__alpha': 0.1, 'NN__hidden_layer_sizes': (25, 25), 'km__n_clusters': 10}",0.5,0.4999999999999999,0.5,0.5,0.5,0.5,4.968877335291441e-17,47,0.5,0.5,0.5000000000000001,0.5,0.5,0.5,4.965068306494546e-17
54,1.9531434059143067,0.11935917243190902,0.07932543754577637,0.03241945156369651,0.1,"(25, 25)",15,"{'NN__alpha': 0.1, 'NN__hidden_layer_sizes': (25, 25), 'km__n_clusters': 15}",0.5,0.4999999999999999,0.5,0.5,0.5,0.5,4.968877335291441e-17,47,0.5,0.5,0.5000000000000001,0.5,0.5,0.5,4.965068306494546e-17
55,2.2363426208496096,0.247834300610006,0.07439665794372559,0.02242991847161787,0.1,"(25, 25)",20,"{'NN__alpha': 0.1, 'NN__hidden_layer_sizes': (25, 25), 'km__n_clusters': 20}",0.5,0.4999999999999999,0.5,0.5,0.5,0.5,4.968877335291441e-17,47,0.5,0.5,0.5000000000000001,0.5,0.5,0.5,4.965068306494546e-17
56,2.228269577026367,0.30285407420613175,0.07708244323730469,0.03722785628534564,0.1,"(25, 25)",25,"{'NN__alpha': 0.1, 'NN__hidden_layer_sizes': (25, 25), 'km__n_clusters': 25}",0.5,0.4999999999999999,0.5,0.5,0.5,0.5,4.968877335291441e-17,47,0.5,0.5,0.5000000000000001,0.5,0.5,0.5,4.965068306494546e-17
57,2.6080810546875,0.319927571659034,0.06585454940795898,0.016855907105921743,0.1,"(25, 25)",30,"{'NN__alpha': 0.1, 'NN__hidden_layer_sizes': (25, 25), 'km__n_clusters': 30}",0.5,0.4999999999999999,0.5,0.5,0.5,0.5,4.968877335291441e-17,47,0.5,0.5,0.5000000000000001,0.5,0.5,0.5,4.965068306494546e-17
58,3.0797246932983398,0.15884575896227182,0.062082338333129886,0.019491551190956705,0.1,"(25, 25)",35,"{'NN__alpha': 0.1, 'NN__hidden_layer_sizes': (25, 25), 'km__n_clusters': 35}",0.5,0.4999999999999999,0.5,0.5257118137486236,0.5,0.5051403894716167,0.010283245245042327,18,0.5,0.5,0.5000000000000001,0.5302799167267888,0.5,0.5060559833453577,0.012111966690715492
59,3.443792390823364,0.4137015869008312,0.06884136199951171,0.028387341113081953,0.1,"(25, 25)",40,"{'NN__alpha': 0.1, 'NN__hidden_layer_sizes': (25, 25), 'km__n_clusters': 40}",0.5,0.4999999999999999,0.5,0.5,0.5,0.5,4.968877335291441e-17,47,0.5,0.5,0.5000000000000001,0.5,0.5,0.5,4.965068306494546e-17
60,2.2802501201629637,0.3850679729104231,0.010089874267578125,0.0031904901699474956,0.1,"(100, 25, 100)",2,"{'NN__alpha': 0.1, 'NN__hidden_layer_sizes': (100, 25, 100), 'km__n_clusters': 2}",0.5,0.4999999999999999,0.5,0.5,0.5,0.5,4.968877335291441e-17,47,0.5,0.5,0.5000000000000001,0.5,0.5,0.5,4.965068306494546e-17
61,2.5952393054962157,0.4286746189167576,0.01176910400390625,0.0018079862311086983,0.1,"(100, 25, 100)",3,"{'NN__alpha': 0.1, 'NN__hidden_layer_sizes': (100, 25, 100), 'km__n_clusters': 3}",0.5,0.4999999999999999,0.5,0.5,0.5,0.5,4.968877335291441e-17,47,0.5,0.5,0.5000000000000001,0.5,0.5,0.5,4.965068306494546e-17
62,2.745964765548706,0.24227472031239108,0.013195180892944336,0.0049654632449098145,0.1,"(100, 25, 100)",4,"{'NN__alpha': 0.1, 'NN__hidden_layer_sizes': (100, 25, 100), 'km__n_clusters': 4}",0.5,0.4999999999999999,0.5,0.5,0.5,0.5,4.968877335291441e-17,47,0.5,0.5,0.5000000000000001,0.5,0.5,0.5,4.965068306494546e-17
63,3.0033647537231447,0.3301659243675223,0.028611183166503906,0.02189245875591973,0.1,"(100, 25, 100)",5,"{'NN__alpha': 0.1, 'NN__hidden_layer_sizes': (100, 25, 100), 'km__n_clusters': 5}",0.5,0.4999999999999999,0.5,0.5,0.5,0.5,4.968877335291441e-17,47,0.5,0.5,0.5000000000000001,0.5,0.5,0.5,4.965068306494546e-17
64,3.2469964027404785,0.28532905986128526,0.009418821334838868,0.0042708033769347925,0.1,"(100, 25, 100)",6,"{'NN__alpha': 0.1, 'NN__hidden_layer_sizes': (100, 25, 100), 'km__n_clusters': 6}",0.5,0.4999999999999999,0.5,0.5,0.5,0.5,4.968877335291441e-17,47,0.5,0.5,0.5000000000000001,0.5,0.5,0.5,4.965068306494546e-17
65,3.5046021938323975,0.4899542305958977,0.011141061782836914,0.003801531800296815,0.1,"(100, 25, 100)",7,"{'NN__alpha': 0.1, 'NN__hidden_layer_sizes': (100, 25, 100), 'km__n_clusters': 7}",0.5,0.4999999999999999,0.5,0.5,0.5,0.5,4.968877335291441e-17,47,0.5,0.5,0.5000000000000001,0.5,0.5,0.5,4.965068306494546e-17
66,3.448273277282715,0.405046200511763,0.01333761215209961,0.0034183455622998574,0.1,"(100, 25, 100)",8,"{'NN__alpha': 0.1, 'NN__hidden_layer_sizes': (100, 25, 100), 'km__n_clusters': 8}",0.5,0.4999999999999999,0.5,0.5,0.5,0.5,4.968877335291441e-17,47,0.5,0.5,0.5000000000000001,0.5,0.5,0.5,4.965068306494546e-17
67,3.3718549728393556,0.25749551497971834,0.025288200378417967,0.016295836718910585,0.1,"(100, 25, 100)",9,"{'NN__alpha': 0.1, 'NN__hidden_layer_sizes': (100, 25, 100), 'km__n_clusters': 9}",0.5,0.4999999999999999,0.5,0.5,0.5,0.5,4.968877335291441e-17,47,0.5,0.5,0.5000000000000001,0.5,0.5,0.5,4.965068306494546e-17
68,4.202351427078247,0.4905174289135001,0.029918861389160157,0.04029183199282924,0.1,"(100, 25, 100)",10,"{'NN__alpha': 0.1, 'NN__hidden_layer_sizes': (100, 25, 100), 'km__n_clusters': 10}",0.5,0.4999999999999999,0.5,0.5,0.5,0.5,4.968877335291441e-17,47,0.5,0.5,0.5000000000000001,0.5,0.5,0.5,4.965068306494546e-17
69,4.636035966873169,0.5564995758405578,0.011150979995727539,0.004945068643218019,0.1,"(100, 25, 100)",15,"{'NN__alpha': 0.1, 'NN__hidden_layer_sizes': (100, 25, 100), 'km__n_clusters': 15}",0.5,0.4999999999999999,0.5,0.5,0.5,0.5,4.968877335291441e-17,47,0.5,0.5,0.5000000000000001,0.5,0.5,0.5,4.965068306494546e-17
70,4.539656352996826,0.5705982982822904,0.013903045654296875,0.005886479255204932,0.1,"(100, 25, 100)",20,"{'NN__alpha': 0.1, 'NN__hidden_layer_sizes': (100, 25, 100), 'km__n_clusters': 20}",0.5,0.4999999999999999,0.5,0.5,0.5,0.5,4.968877335291441e-17,47,0.5,0.5,0.5000000000000001,0.5,0.5,0.5,4.965068306494546e-17
71,4.52244348526001,0.6700941365874833,0.011953496932983398,0.003794747929063831,0.1,"(100, 25, 100)",25,"{'NN__alpha': 0.1, 'NN__hidden_layer_sizes': (100, 25, 100), 'km__n_clusters': 25}",0.5,0.4999999999999999,0.5,0.5,0.5,0.5,4.968877335291441e-17,47,0.5,0.5,0.5000000000000001,0.5,0.5,0.5,4.965068306494546e-17
72,5.107806396484375,0.3902119120482241,0.02404336929321289,0.028426068201130132,0.1,"(100, 25, 100)",30,"{'NN__alpha': 0.1, 'NN__hidden_layer_sizes': (100, 25, 100), 'km__n_clusters': 30}",0.5,0.4999999999999999,0.5,0.5,0.5,0.5,4.968877335291441e-17,47,0.5,0.5,0.5000000000000001,0.5,0.5,0.5,4.965068306494546e-17
73,5.2982847690582275,0.5759266228503243,0.01507582664489746,0.008278800944509354,0.1,"(100, 25, 100)",35,"{'NN__alpha': 0.1, 'NN__hidden_layer_sizes': (100, 25, 100), 'km__n_clusters': 35}",0.5,0.4999999999999999,0.5,0.5,0.5,0.5,4.968877335291441e-17,47,0.5,0.5,0.5000000000000001,0.5,0.5,0.5,4.965068306494546e-17
74,5.528748321533203,0.15137192977406957,0.012553548812866211,0.0019276317643998372,0.1,"(100, 25, 100)",40,"{'NN__alpha': 0.1, 'NN__hidden_layer_sizes': (100, 25, 100), 'km__n_clusters': 40}",0.5,0.4999999999999999,0.5,0.5,0.5,0.5,4.968877335291441e-17,47,0.5,0.5,0.5000000000000001,0.5,0.5,0.5,4.965068306494546e-17
75,1.7866296768188477,0.21170526294986047,0.008925485610961913,0.0038693184343298833,0.01,"(50, 50)",2,"{'NN__alpha': 0.01, 'NN__hidden_layer_sizes': (50, 50), 'km__n_clusters': 2}",0.5,0.4999999999999999,0.5,0.5,0.5,0.5,4.968877335291441e-17,47,0.5,0.5,0.5000000000000001,0.5,0.5,0.5,4.965068306494546e-17
76,2.1402396678924562,0.23404476223249415,0.01428532600402832,0.008816578642406345,0.01,"(50, 50)",3,"{'NN__alpha': 0.01, 'NN__hidden_layer_sizes': (50, 50), 'km__n_clusters': 3}",0.5,0.4999999999999999,0.5,0.5,0.5,0.5,4.968877335291441e-17,47,0.5,0.5,0.5000000000000001,0.5,0.5,0.5,4.965068306494546e-17
77,2.37078914642334,0.3450336228036791,0.012973356246948241,0.003601644614651074,0.01,"(50, 50)",4,"{'NN__alpha': 0.01, 'NN__hidden_layer_sizes': (50, 50), 'km__n_clusters': 4}",0.5,0.4999999999999999,0.5,0.5,0.5,0.5,4.968877335291441e-17,47,0.5,0.5,0.5000000000000001,0.5,0.5,0.5,4.965068306494546e-17
78,2.489900493621826,0.08459343901437455,0.007300519943237304,0.0003448088127645963,0.01,"(50, 50)",5,"{'NN__alpha': 0.01, 'NN__hidden_layer_sizes': (50, 50), 'km__n_clusters': 5}",0.5,0.4999999999999999,0.5,0.5,0.5,0.5,4.968877335291441e-17,47,0.5,0.5,0.5000000000000001,0.5,0.5,0.5,4.965068306494546e-17
79,2.4821043014526367,0.20079345054632552,0.0076773643493652345,0.0016983007310945857,0.01,"(50, 50)",6,"{'NN__alpha': 0.01, 'NN__hidden_layer_sizes': (50, 50), 'km__n_clusters': 6}",0.5,0.4999999999999999,0.5,0.5,0.5,0.5,4.968877335291441e-17,47,0.5,0.5,0.5000000000000001,0.5,0.5,0.5,4.965068306494546e-17
80,2.9576395988464355,0.5443300930663426,0.009813690185546875,0.005258436137114138,0.01,"(50, 50)",7,"{'NN__alpha': 0.01, 'NN__hidden_layer_sizes': (50, 50), 'km__n_clusters': 7}",0.5,0.4999999999999999,0.5,0.5,0.5,0.5,4.968877335291441e-17,47,0.5,0.5,0.5000000000000001,0.5,0.5,0.5,4.965068306494546e-17
81,2.892851686477661,0.13538674124668656,0.007884883880615234,0.0035221404912033033,0.01,"(50, 50)",8,"{'NN__alpha': 0.01, 'NN__hidden_layer_sizes': (50, 50), 'km__n_clusters': 8}",0.5,0.4999999999999999,0.5,0.5,0.5,0.5,4.968877335291441e-17,47,0.5,0.5,0.5000000000000001,0.5,0.5,0.5,4.965068306494546e-17
82,2.9657673835754395,0.2587857410029575,0.024741411209106445,0.027288306225305665,0.01,"(50, 50)",9,"{'NN__alpha': 0.01, 'NN__hidden_layer_sizes': (50, 50), 'km__n_clusters': 9}",0.5,0.4999999999999999,0.5,0.5,0.5,0.5,4.968877335291441e-17,47,0.5,0.5,0.5000000000000001,0.5,0.5,0.5,4.965068306494546e-17
83,2.9609946727752687,0.19118077562497082,0.007576990127563477,0.0052969116068280475,0.01,"(50, 50)",10,"{'NN__alpha': 0.01, 'NN__hidden_layer_sizes': (50, 50), 'km__n_clusters': 10}",0.5,0.4999999999999999,0.5,0.5,0.5,0.5,4.968877335291441e-17,47,0.5,0.5,0.5000000000000001,0.5,0.5,0.5,4.965068306494546e-17
84,3.7374146461486815,0.7087409480426606,0.012959146499633789,0.010090715446274122,0.01,"(50, 50)",15,"{'NN__alpha': 0.01, 'NN__hidden_layer_sizes': (50, 50), 'km__n_clusters': 15}",0.5,0.4999999999999999,0.5,0.5,0.5,0.5,4.968877335291441e-17,47,0.5,0.5,0.5000000000000001,0.5,0.5,0.5,4.965068306494546e-17
85,3.749025297164917,0.4994272697612922,0.0071502685546875,0.0034956005394022297,0.01,"(50, 50)",20,"{'NN__alpha': 0.01, 'NN__hidden_layer_sizes': (50, 50), 'km__n_clusters': 20}",0.5,0.4999999999999999,0.5,0.5,0.5,0.5,4.968877335291441e-17,47,0.5,0.5,0.5000000000000001,0.5,0.5,0.5,4.965068306494546e-17
86,4.860185241699218,1.0766448750621809,0.018082380294799805,0.019422022381604807,0.01,"(50, 50)",25,"{'NN__alpha': 0.01, 'NN__hidden_layer_sizes': (50, 50), 'km__n_clusters': 25}",0.5,0.6509056692542929,0.5,0.6268129620890357,0.5,0.5555803194931421,0.0684645482196543,12,0.5,0.6907180342220846,0.5000000000000001,0.6251840522757609,0.5,0.5631804172995691,0.08010691589491908
87,4.355874681472779,0.5604754707737151,0.015095043182373046,0.014274727300785247,0.01,"(50, 50)",30,"{'NN__alpha': 0.01, 'NN__hidden_layer_sizes': (50, 50), 'km__n_clusters': 30}",0.5,0.4999999999999999,0.5,0.5,0.5,0.5,4.968877335291441e-17,47,0.5,0.5,0.5000000000000001,0.5,0.5,0.5,4.965068306494546e-17
88,4.186760711669922,0.41978334742476814,0.008004713058471679,0.0027316936707576485,0.01,"(50, 50)",35,"{'NN__alpha': 0.01, 'NN__hidden_layer_sizes': (50, 50), 'km__n_clusters': 35}",0.5,0.4999999999999999,0.5,0.5,0.5228322054266017,0.5045559274066895,0.009124987447837685,22,0.5,0.5,0.5000000000000001,0.5,0.5234499548435231,0.5046899909687046,0.00937998193740922
89,5.210812187194824,0.33969116321232334,0.011927175521850585,0.002304807181787948,0.01,"(50, 50)",40,"{'NN__alpha': 0.01, 'NN__hidden_layer_sizes': (50, 50), 'km__n_clusters': 40}",0.5,0.4999999999999999,0.5,0.5,0.5,0.5,4.968877335291441e-17,47,0.5,0.5,0.5000000000000001,0.5,0.5,0.5,4.965068306494546e-17
90,1.1448187828063965,0.18441680082143383,0.006412363052368164,0.0013016480228720249,0.01,"(50,)",2,"{'NN__alpha': 0.01, 'NN__hidden_layer_sizes': (50,), 'km__n_clusters': 2}",0.5,0.5067513526229122,0.5,0.5,0.5051546391752577,0.5023808973293531,0.0029602869686146645,31,0.5,0.5044471987369601,0.5000000000000001,0.5,0.5017984057800292,0.5012491209033978,0.0017441516447335755
91,1.1820479393005372,0.12390973150369056,0.012350988388061524,0.01102171044370667,0.01,"(50,)",3,"{'NN__alpha': 0.01, 'NN__hidden_layer_sizes': (50,), 'km__n_clusters': 3}",0.5,0.4999999999999999,0.5,0.5,0.5,0.5,4.968877335291441e-17,47,0.5,0.5,0.5000000000000001,0.5,0.5,0.5,4.965068306494546e-17
92,1.5225404739379882,0.13262722865126658,0.007597684860229492,0.0019785314918101286,0.01,"(50,)",4,"{'NN__alpha': 0.01, 'NN__hidden_layer_sizes': (50,), 'km__n_clusters': 4}",0.5,0.4999999999999999,0.5,0.5,0.5,0.5,4.968877335291441e-17,47,0.5,0.5,0.5000000000000001,0.5,0.5,0.5,4.965068306494546e-17
93,1.615952968597412,0.19172409162407414,0.007534027099609375,0.008144772575074203,0.01,"(50,)",5,"{'NN__alpha': 0.01, 'NN__hidden_layer_sizes': (50,), 'km__n_clusters': 5}",0.5,0.4999999999999999,0.5,0.5,0.5,0.5,4.968877335291441e-17,47,0.5,0.5,0.5000000000000001,0.5,0.5,0.5,4.965068306494546e-17
94,1.9927323818206788,0.41842814037386317,0.009480047225952148,0.007189685497970175,0.01,"(50,)",6,"{'NN__alpha': 0.01, 'NN__hidden_layer_sizes': (50,), 'km__n_clusters': 6}",0.5,0.4999999999999999,0.5,0.5,0.5,0.5,4.968877335291441e-17,47,0.5,0.5,0.5000000000000001,0.5,0.5,0.5,4.965068306494546e-17
95,2.278575897216797,0.2884840595229275,0.008830022811889649,0.005841795649924269,0.01,"(50,)",7,"{'NN__alpha': 0.01, 'NN__hidden_layer_sizes': (50,), 'km__n_clusters': 7}",0.5,0.4999999999999999,0.5,0.5,0.5,0.5,4.968877335291441e-17,47,0.5,0.5,0.5000000000000001,0.5,0.5,0.5,4.965068306494546e-17
96,2.055629825592041,0.25182168528023824,0.005891942977905273,0.0017957046472535383,0.01,"(50,)",8,"{'NN__alpha': 0.01, 'NN__hidden_layer_sizes': (50,), 'km__n_clusters': 8}",0.5,0.4999999999999999,0.5,0.5,0.5,0.5,4.968877335291441e-17,47,0.5,0.5,0.5000000000000001,0.5,0.5,0.5,4.965068306494546e-17
97,2.2688343048095705,0.4363272360877264,0.004631710052490234,0.001981712921510838,0.01,"(50,)",9,"{'NN__alpha': 0.01, 'NN__hidden_layer_sizes': (50,), 'km__n_clusters': 9}",0.5,0.5036462008939072,0.5,0.5066855434953594,0.5,0.502066955114237,0.002706769683769252,39,0.5,0.505432841987222,0.5000000000000001,0.5060582440675702,0.5,0.5022982172109585,0.0028216690626876625
98,2.2956231594085694,0.21758065147646996,0.006578254699707031,0.002600939260755129,0.01,"(50,)",10,"{'NN__alpha': 0.01, 'NN__hidden_layer_sizes': (50,), 'km__n_clusters': 10}",0.5,0.4999999999999999,0.5,0.5,0.5,0.5,4.968877335291441e-17,47,0.5,0.5,0.5000000000000001,0.5,0.5,0.5,4.965068306494546e-17
99,2.792915439605713,0.291358041872268,0.008316135406494141,0.006299402787985437,0.01,"(50,)",15,"{'NN__alpha': 0.01, 'NN__hidden_layer_sizes': (50,), 'km__n_clusters': 15}",0.5,0.4999999999999999,0.5,0.5,0.5,0.5,4.968877335291441e-17,47,0.5,0.5,0.5000000000000001,0.5,0.5,0.5,4.965068306494546e-17
100,3.011498308181763,0.08317559691853411,0.008747291564941407,0.005320251991253522,0.01,"(50,)",20,"{'NN__alpha': 0.01, 'NN__hidden_layer_sizes': (50,), 'km__n_clusters': 20}",0.5,0.4999999999999999,0.5,0.5,0.5,0.5,4.968877335291441e-17,47,0.5,0.5,0.5000000000000001,0.5,0.5,0.5,4.965068306494546e-17
101,3.116011381149292,0.25601205939454286,0.00509033203125,0.0022545618774289194,0.01,"(50,)",25,"{'NN__alpha': 0.01, 'NN__hidden_layer_sizes': (50,), 'km__n_clusters': 25}",0.5,0.4999999999999999,0.5,0.5,0.5,0.5,4.968877335291441e-17,47,0.5,0.5,0.5000000000000001,0.5,0.5,0.5,4.965068306494546e-17
102,3.552900552749634,0.3347364481683537,0.013782835006713868,0.0133375120592216,0.01,"(50,)",30,"{'NN__alpha': 0.01, 'NN__hidden_layer_sizes': (50,), 'km__n_clusters': 30}",0.5,0.4999999999999999,0.5,0.5,0.5,0.5,4.968877335291441e-17,47,0.5,0.5,0.5000000000000001,0.5,0.5,0.5,4.965068306494546e-17
103,3.931051826477051,0.29901142702472727,0.0064106941223144535,0.004347402615965967,0.01,"(50,)",35,"{'NN__alpha': 0.01, 'NN__hidden_layer_sizes': (50,), 'km__n_clusters': 35}",0.5,0.4999999999999999,0.5,0.5,0.5,0.5,4.968877335291441e-17,47,0.5,0.5,0.5000000000000001,0.5,0.5,0.5,4.965068306494546e-17
104,4.336004781723022,0.2843356376012732,0.0056536197662353516,0.002250092884652157,0.01,"(50,)",40,"{'NN__alpha': 0.01, 'NN__hidden_layer_sizes': (50,), 'km__n_clusters': 40}",0.5,0.4999999999999999,0.5,0.5,0.5,0.5,4.968877335291441e-17,47,0.5,0.5,0.5000000000000001,0.5,0.5,0.5,4.965068306494546e-17
105,0.6700776576995849,0.04692597338356926,0.034981584548950194,0.009889089148440677,0.01,"(25,)",2,"{'NN__alpha': 0.01, 'NN__hidden_layer_sizes': (25,), 'km__n_clusters': 2}",0.5,0.4999999999999999,0.5,0.5,0.5,0.5,4.968877335291441e-17,47,0.5,0.5,0.5000000000000001,0.5,0.5,0.5,4.965068306494546e-17
106,1.0182789802551269,0.2005170943843986,0.04651637077331543,0.011074939657443526,0.01,"(25,)",3,"{'NN__alpha': 0.01, 'NN__hidden_layer_sizes': (25,), 'km__n_clusters': 3}",0.5,0.4999999999999999,0.5059855277646689,0.5142756016989145,0.5,0.5040506709326658,0.005612267320202604,24,0.5,0.5,0.5424996117455331,0.5369937702359212,0.5,0.5158986763962908,0.01954950883791868
107,1.04123797416687,0.12678480588542465,0.05620002746582031,0.02218784191760168,0.01,"(25,)",4,"{'NN__alpha': 0.01, 'NN__hidden_layer_sizes': (25,), 'km__n_clusters': 4}",0.5,0.4999999999999999,0.5,0.5,0.5,0.5,4.968877335291441e-17,47,0.5,0.5,0.5000000000000001,0.5,0.5,0.5,4.965068306494546e-17
108,1.1118124961853026,0.2231213763339125,0.04064202308654785,0.012435042380607556,0.01,"(25,)",5,"{'NN__alpha': 0.01, 'NN__hidden_layer_sizes': (25,), 'km__n_clusters': 5}",0.5,0.4999999999999999,0.5,0.5,0.5,0.5,4.968877335291441e-17,47,0.5,0.5,0.5000000000000001,0.5,0.5,0.5,4.965068306494546e-17
109,1.3012413024902343,0.15569049035958288,0.04971156120300293,0.018297093807281402,0.01,"(25,)",6,"{'NN__alpha': 0.01, 'NN__hidden_layer_sizes': (25,), 'km__n_clusters': 6}",0.5,0.49748294518936714,0.4944863929526506,0.5,0.49846625766871167,0.4980874758652765,0.0020392005056407638,298,0.5,0.5028457743742591,0.4989762860069159,0.5,0.5,0.5003644120762349,0.0013024930957434414
110,1.3158073425292969,0.1769621307889685,0.03971843719482422,0.013843286343475652,0.01,"(25,)",7,"{'NN__alpha': 0.01, 'NN__hidden_layer_sizes': (25,), 'km__n_clusters': 7}",0.5,0.4999999999999999,0.5,0.5,0.5,0.5,4.968877335291441e-17,47,0.5,0.5,0.5000000000000001,0.5,0.5,0.5,4.965068306494546e-17
111,1.6117323398590089,0.1197236598442014,0.052458906173706056,0.02155758235832797,0.01,"(25,)",8,"{'NN__alpha': 0.01, 'NN__hidden_layer_sizes': (25,), 'km__n_clusters': 8}",0.5,0.4999999999999999,0.5,0.5,0.5,0.5,4.968877335291441e-17,47,0.5,0.5,0.5000000000000001,0.5,0.5,0.5,4.965068306494546e-17
112,1.6481671333312988,0.2877103673401871,0.05200505256652832,0.008412026883423088,0.01,"(25,)",9,"{'NN__alpha': 0.01, 'NN__hidden_layer_sizes': (25,), 'km__n_clusters': 9}",0.5036462008939073,0.4999999999999999,0.5,0.5,0.5,0.5007303595036914,0.0014593191805087878,43,0.5035368066929308,0.5,0.5000000000000001,0.5,0.5,0.5007073613385862,0.0014147226771722976
113,1.4023393154144288,0.3672001080083262,0.06833796501159668,0.025629454986868312,0.01,"(25,)",10,"{'NN__alpha': 0.01, 'NN__hidden_layer_sizes': (25,), 'km__n_clusters': 10}",0.5,0.4999999999999999,0.5,0.5,0.5,0.5,4.968877335291441e-17,47,0.5,0.5,0.5000000000000001,0.5,0.5,0.5,4.965068306494546e-17
114,1.8969033241271973,0.18061008797488665,0.05606074333190918,0.013053550316641413,0.01,"(25,)",15,"{'NN__alpha': 0.01, 'NN__hidden_layer_sizes': (25,), 'km__n_clusters': 15}",0.5,0.4999999999999999,0.5,0.5,0.5,0.5,4.968877335291441e-17,47,0.5,0.5,0.5000000000000001,0.5,0.5,0.5,4.965068306494546e-17
115,2.113836145401001,0.2495577958912551,0.05082049369812012,0.017956708281861328,0.01,"(25,)",20,"{'NN__alpha': 0.01, 'NN__hidden_layer_sizes': (25,), 'km__n_clusters': 20}",0.5,0.4999999999999999,0.5,0.5,0.5,0.5,4.968877335291441e-17,47,0.5,0.5,0.5000000000000001,0.5,0.5,0.5,4.965068306494546e-17
116,2.3977636814117433,0.218455593703226,0.06000046730041504,0.011099507321592154,0.01,"(25,)",25,"{'NN__alpha': 0.01, 'NN__hidden_layer_sizes': (25,), 'km__n_clusters': 25}",0.5,0.4999999999999999,0.5,0.5,0.5,0.5,4.968877335291441e-17,47,0.5,0.5,0.5000000000000001,0.5,0.5,0.5,4.965068306494546e-17
117,2.569144296646118,0.20717160577953123,0.06800923347473145,0.024241562232292742,0.01,"(25,)",30,"{'NN__alpha': 0.01, 'NN__hidden_layer_sizes': (25,), 'km__n_clusters': 30}",0.5,0.4999999999999999,0.5,0.5,0.5,0.5,4.968877335291441e-17,47,0.5,0.5,0.5000000000000001,0.5,0.5,0.5,4.965068306494546e-17
118,3.0786060333251952,0.3996212625399188,0.0469515323638916,0.010607152623570851,0.01,"(25,)",35,"{'NN__alpha': 0.01, 'NN__hidden_layer_sizes': (25,), 'km__n_clusters': 35}",0.5,0.5118325099976476,0.5,0.5,0.5,0.5023701343893983,0.004735726114812344,35,0.5,0.5137965463139205,0.5000000000000001,0.5,0.5,0.5027593092627841,0.005518618525568175
119,3.1858680725097654,0.5034503930029338,0.06756510734558105,0.02572158164826863,0.01,"(25,)",40,"{'NN__alpha': 0.01, 'NN__hidden_layer_sizes': (25,), 'km__n_clusters': 40}",0.5,0.4999999999999999,0.5,0.5,0.5,0.5,4.968877335291441e-17,47,0.5,0.5,0.5000000000000001,0.5,0.5,0.5,4.965068306494546e-17
120,0.8831491470336914,0.2248065328976592,0.07081794738769531,0.015785878754656507,0.01,"(25, 25)",2,"{'NN__alpha': 0.01, 'NN__hidden_layer_sizes': (25, 25), 'km__n_clusters': 2}",0.5,0.4999999999999999,0.5,0.5,0.5,0.5,4.968877335291441e-17,47,0.5,0.5,0.5000000000000001,0.5,0.5,0.5,4.965068306494546e-17
121,0.9063748836517334,0.10570765779135397,0.04205389022827148,0.020320679024658467,0.01,"(25, 25)",3,"{'NN__alpha': 0.01, 'NN__hidden_layer_sizes': (25, 25), 'km__n_clusters': 3}",0.5,0.4999999999999999,0.5,0.5,0.5,0.5,4.968877335291441e-17,47,0.5,0.5,0.5000000000000001,0.5,0.5,0.5,4.965068306494546e-17
122,1.034679126739502,0.2026987275508991,0.09339213371276855,0.04404021211581573,0.01,"(25, 25)",4,"{'NN__alpha': 0.01, 'NN__hidden_layer_sizes': (25, 25), 'km__n_clusters': 4}",0.5,0.4999999999999999,0.5,0.5,0.5,0.5,4.968877335291441e-17,47,0.5,0.5,0.5000000000000001,0.5,0.5,0.5,4.965068306494546e-17
123,0.99598388671875,0.1737655790064072,0.06299428939819336,0.023052492324015194,0.01,"(25, 25)",5,"{'NN__alpha': 0.01, 'NN__hidden_layer_sizes': (25, 25), 'km__n_clusters': 5}",0.5,0.4999999999999999,0.5,0.5,0.5,0.5,4.968877335291441e-17,47,0.5,0.5,0.5000000000000001,0.5,0.5,0.5,4.965068306494546e-17
124,1.362546730041504,0.32739182060389144,0.04821047782897949,0.018070183740314407,0.01,"(25, 25)",6,"{'NN__alpha': 0.01, 'NN__hidden_layer_sizes': (25, 25), 'km__n_clusters': 6}",0.5,0.4999999999999999,0.5,0.5,0.5,0.5,4.968877335291441e-17,47,0.5,0.5,0.5000000000000001,0.5,0.5,0.5,4.965068306494546e-17
125,1.455893087387085,0.14248565128179577,0.05216689109802246,0.018945022834862026,0.01,"(25, 25)",7,"{'NN__alpha': 0.01, 'NN__hidden_layer_sizes': (25, 25), 'km__n_clusters': 7}",0.5,0.4999999999999999,0.5,0.5,0.5,0.5,4.968877335291441e-17,47,0.5,0.5,0.5000000000000001,0.5,0.5,0.5,4.965068306494546e-17
126,1.6504519939422608,0.30162131175737383,0.03844747543334961,0.01118354026814857,0.01,"(25, 25)",8,"{'NN__alpha': 0.01, 'NN__hidden_layer_sizes': (25, 25), 'km__n_clusters': 8}",0.5,0.4999999999999999,0.5,0.5,0.5,0.5,4.968877335291441e-17,47,0.5,0.5,0.5000000000000001,0.5,0.5,0.5,4.965068306494546e-17
127,1.490266752243042,0.11195447686064144,0.0465787410736084,0.034700365733887274,0.01,"(25, 25)",9,"{'NN__alpha': 0.01, 'NN__hidden_layer_sizes': (25, 25), 'km__n_clusters': 9}",0.5,0.4999999999999999,0.5,0.5,0.5,0.5,4.968877335291441e-17,47,0.5,0.5,0.5000000000000001,0.5,0.5,0.5,4.965068306494546e-17
128,1.7123294830322267,0.10551050730250973,0.041326475143432614,0.04045916308038665,0.01,"(25, 25)",10,"{'NN__alpha': 0.01, 'NN__hidden_layer_sizes': (25, 25), 'km__n_clusters': 10}",0.5,0.4999999999999999,0.5,0.5,0.5,0.5,4.968877335291441e-17,47,0.5,0.5,0.5000000000000001,0.5,0.5,0.5,4.965068306494546e-17
129,2.0364901542663576,0.2146579760488878,0.06795773506164551,0.03319630982890438,0.01,"(25, 25)",15,"{'NN__alpha': 0.01, 'NN__hidden_layer_sizes': (25, 25), 'km__n_clusters': 15}",0.5,0.4999999999999999,0.5,0.5,0.5,0.5,4.968877335291441e-17,47,0.5,0.5,0.5000000000000001,0.5,0.5,0.5,4.965068306494546e-17
130,2.2032044410705565,0.27319130107250544,0.04705171585083008,0.024025960138212107,0.01,"(25, 25)",20,"{'NN__alpha': 0.01, 'NN__hidden_layer_sizes': (25, 25), 'km__n_clusters': 20}",0.5,0.4999999999999999,0.5,0.5,0.5,0.5,4.968877335291441e-17,47,0.5,0.5,0.5000000000000001,0.5,0.5,0.5,4.965068306494546e-17
131,2.283587169647217,0.22061157476080165,0.07218031883239746,0.016849081008073342,0.01,"(25, 25)",25,"{'NN__alpha': 0.01, 'NN__hidden_layer_sizes': (25, 25), 'km__n_clusters': 25}",0.5,0.4999999999999999,0.5,0.5,0.5,0.5,4.968877335291441e-17,47,0.5,0.5,0.5000000000000001,0.5,0.5,0.5,4.965068306494546e-17
132,2.598324203491211,0.14471462507924315,0.059525156021118165,0.00776316433885923,0.01,"(25, 25)",30,"{'NN__alpha': 0.01, 'NN__hidden_layer_sizes': (25, 25), 'km__n_clusters': 30}",0.5,0.4999999999999999,0.5,0.5,0.5,0.5,4.968877335291441e-17,47,0.5,0.5,0.5000000000000001,0.5,0.5,0.5,4.965068306494546e-17
133,3.1174454212188722,0.27480743958972753,0.0644728660583496,0.02356544184926797,0.01,"(25, 25)",35,"{'NN__alpha': 0.01, 'NN__hidden_layer_sizes': (25, 25), 'km__n_clusters': 35}",0.5,0.4999999999999999,0.5,0.523147711184521,0.5,0.5046277657433367,0.009257751837307877,19,0.5,0.5,0.5000000000000001,0.528219219284157,0.5,0.5056438438568314,0.01128768771366281
134,3.66105055809021,0.3500434501065736,0.05521554946899414,0.024452238037026484,0.01,"(25, 25)",40,"{'NN__alpha': 0.01, 'NN__hidden_layer_sizes': (25, 25), 'km__n_clusters': 40}",0.5,0.4999999999999999,0.5,0.5,0.5,0.5,4.968877335291441e-17,47,0.5,0.5,0.5000000000000001,0.5,0.5,0.5,4.965068306494546e-17
135,2.258834648132324,0.33902289979190237,0.009591054916381837,0.0013647103576185683,0.01,"(100, 25, 100)",2,"{'NN__alpha': 0.01, 'NN__hidden_layer_sizes': (100, 25, 100), 'km__n_clusters': 2}",0.5,0.4999999999999999,0.5,0.5,0.5,0.5,4.968877335291441e-17,47,0.5,0.5,0.5000000000000001,0.5,0.5,0.5,4.965068306494546e-17
136,2.6113279342651365,0.4700920217054668,0.010955619812011718,0.002673543352525328,0.01,"(100, 25, 100)",3,"{'NN__alpha': 0.01, 'NN__hidden_layer_sizes': (100, 25, 100), 'km__n_clusters': 3}",0.5,0.4999999999999999,0.5,0.5,0.5,0.5,4.968877335291441e-17,47,0.5,0.5,0.5000000000000001,0.5,0.5,0.5,4.965068306494546e-17
137,2.9636341094970704,0.3586876173260223,0.01615304946899414,0.008409753402712185,0.01,"(100, 25, 100)",4,"{'NN__alpha': 0.01, 'NN__hidden_layer_sizes': (100, 25, 100), 'km__n_clusters': 4}",0.5,0.4999999999999999,0.5,0.5,0.5,0.5,4.968877335291441e-17,47,0.5,0.5,0.5000000000000001,0.5,0.5,0.5,4.965068306494546e-17
138,3.1559587955474853,0.1397102472992184,0.01173858642578125,0.00353655870898131,0.01,"(100, 25, 100)",5,"{'NN__alpha': 0.01, 'NN__hidden_layer_sizes': (100, 25, 100), 'km__n_clusters': 5}",0.5,0.4999999999999999,0.5,0.5,0.5,0.5,4.968877335291441e-17,47,0.5,0.5,0.5000000000000001,0.5,0.5,0.5,4.965068306494546e-17
139,3.349372959136963,0.1285712038594727,0.01550297737121582,0.006884350103554708,0.01,"(100, 25, 100)",6,"{'NN__alpha': 0.01, 'NN__hidden_layer_sizes': (100, 25, 100), 'km__n_clusters': 6}",0.5,0.4999999999999999,0.5,0.5,0.5,0.5,4.968877335291441e-17,47,0.5,0.5,0.5000000000000001,0.5,0.5,0.5,4.965068306494546e-17
140,3.727052927017212,0.24168783053605766,0.02638692855834961,0.020380685604965025,0.01,"(100, 25, 100)",7,"{'NN__alpha': 0.01, 'NN__hidden_layer_sizes': (100, 25, 100), 'km__n_clusters': 7}",0.5,0.4999999999999999,0.5,0.5,0.5,0.5,4.968877335291441e-17,47,0.5,0.5,0.5000000000000001,0.5,0.5,0.5,4.965068306494546e-17
141,3.7268044471740724,0.44952320823896735,0.013923263549804688,0.0029582561888751116,0.01,"(100, 25, 100)",8,"{'NN__alpha': 0.01, 'NN__hidden_layer_sizes': (100, 25, 100), 'km__n_clusters': 8}",0.5,0.4999999999999999,0.5,0.5,0.5,0.5,4.968877335291441e-17,47,0.5,0.5,0.5000000000000001,0.5,0.5,0.5,4.965068306494546e-17
142,3.6929834842681886,0.28611141290593817,0.024235963821411133,0.017922335279726597,0.01,"(100, 25, 100)",9,"{'NN__alpha': 0.01, 'NN__hidden_layer_sizes': (100, 25, 100), 'km__n_clusters': 9}",0.5,0.4999999999999999,0.5,0.5,0.5,0.5,4.968877335291441e-17,47,0.5,0.5,0.5000000000000001,0.5,0.5,0.5,4.965068306494546e-17
143,3.6034727096557617,0.3606239219504563,0.008251237869262695,0.0033960963468220888,0.01,"(100, 25, 100)",10,"{'NN__alpha': 0.01, 'NN__hidden_layer_sizes': (100, 25, 100), 'km__n_clusters': 10}",0.5,0.4999999999999999,0.5,0.5,0.5,0.5,4.968877335291441e-17,47,0.5,0.5,0.5000000000000001,0.5,0.5,0.5,4.965068306494546e-17
144,4.984365940093994,0.4383021155591385,0.012761545181274415,0.006357137108690786,0.01,"(100, 25, 100)",15,"{'NN__alpha': 0.01, 'NN__hidden_layer_sizes': (100, 25, 100), 'km__n_clusters': 15}",0.5,0.4999999999999999,0.5,0.5,0.5,0.5,4.968877335291441e-17,47,0.5,0.5,0.5000000000000001,0.5,0.5,0.5,4.965068306494546e-17
145,4.787201833724976,0.7092239300707988,0.008836984634399414,0.0039934895244408694,0.01,"(100, 25, 100)",20,"{'NN__alpha': 0.01, 'NN__hidden_layer_sizes': (100, 25, 100), 'km__n_clusters': 20}",0.5,0.4999999999999999,0.5,0.5,0.5,0.5,4.968877335291441e-17,47,0.5,0.5,0.5000000000000001,0.5,0.5,0.5,4.965068306494546e-17
146,6.159595060348511,2.3734176143092305,0.011798906326293945,0.0030242704139961194,0.01,"(100, 25, 100)",25,"{'NN__alpha': 0.01, 'NN__hidden_layer_sizes': (100, 25, 100), 'km__n_clusters': 25}",0.5,0.4999999999999999,0.6952257354097844,0.6988909863142992,0.5,0.5787930974743851,0.09653926308425821,8,0.5,0.5,0.693818104256645,0.7063066286341109,0.5,0.5800249465781512,0.09808967548303227
147,6.438984346389771,2.754320026697556,0.014371204376220702,0.006838723327091385,0.01,"(100, 25, 100)",30,"{'NN__alpha': 0.01, 'NN__hidden_layer_sizes': (100, 25, 100), 'km__n_clusters': 30}",0.5,0.4999999999999999,0.5,0.7034450212364323,0.5,0.5406733906616198,0.08136629596459585,14,0.5,0.5,0.5000000000000001,0.7054278957394233,0.5,0.5410855791478847,0.08217115829576932
148,7.910176801681518,1.3890879311401343,0.016084766387939452,0.006420921106134743,0.01,"(100, 25, 100)",35,"{'NN__alpha': 0.01, 'NN__hidden_layer_sizes': (100, 25, 100), 'km__n_clusters': 35}",0.6896730181133851,0.6559868266290284,0.6664464369985843,0.6736117665565519,0.5,0.637223623563993,0.06938582266529082,2,0.6784378243056478,0.6785032387528958,0.6762400061334377,0.6712516734258985,0.5,0.640886548523576,0.0704926109984042
149,8.115649795532226,2.188873792178415,0.01428084373474121,0.006745315773452716,0.01,"(100, 25, 100)",40,"{'NN__alpha': 0.01, 'NN__hidden_layer_sizes': (100, 25, 100), 'km__n_clusters': 40}",0.6952952246530228,0.6955304634203716,0.5,0.5,0.5,0.5782851148021151,0.09575679230144411,9,0.6791647607946135,0.7021862196843385,0.5000000000000001,0.5,0.5,0.5762701960957904,0.09369478627798138
150,1.8454104900360107,0.24221555167068098,0.009402799606323241,0.0017940593594525434,0.001,"(50, 50)",2,"{'NN__alpha': 0.001, 'NN__hidden_layer_sizes': (50, 50), 'km__n_clusters': 2}",0.5,0.4999999999999999,0.5,0.5,0.5,0.5,4.968877335291441e-17,47,0.5,0.5,0.5000000000000001,0.5,0.5,0.5,4.965068306494546e-17
151,2.179010772705078,0.31879853280345904,0.014192628860473632,0.010298184584360801,0.001,"(50, 50)",3,"{'NN__alpha': 0.001, 'NN__hidden_layer_sizes': (50, 50), 'km__n_clusters': 3}",0.5,0.4999999999999999,0.5,0.5,0.5,0.5,4.968877335291441e-17,47,0.5,0.5,0.5000000000000001,0.5,0.5,0.5,4.965068306494546e-17
152,2.3284810066223143,0.3881039319521648,0.012794399261474609,0.007108613602166143,0.001,"(50, 50)",4,"{'NN__alpha': 0.001, 'NN__hidden_layer_sizes': (50, 50), 'km__n_clusters': 4}",0.5,0.4999999999999999,0.5,0.5,0.5,0.5,4.968877335291441e-17,47,0.5,0.5,0.5000000000000001,0.5,0.5,0.5,4.965068306494546e-17
153,2.4985809326171875,0.3578877686450726,0.007167005538940429,0.0023392714835499227,0.001,"(50, 50)",5,"{'NN__alpha': 0.001, 'NN__hidden_layer_sizes': (50, 50), 'km__n_clusters': 5}",0.5,0.4999999999999999,0.5,0.5,0.5,0.5,4.968877335291441e-17,47,0.5,0.5,0.5000000000000001,0.5,0.5,0.5,4.965068306494546e-17
154,2.680468702316284,0.4415158586065909,0.011887836456298827,0.005961076982307809,0.001,"(50, 50)",6,"{'NN__alpha': 0.001, 'NN__hidden_layer_sizes': (50, 50), 'km__n_clusters': 6}",0.5,0.4999999999999999,0.5,0.5,0.5,0.5,4.968877335291441e-17,47,0.5,0.5,0.5000000000000001,0.5,0.5,0.5,4.965068306494546e-17
155,2.8647196769714354,0.18905980347582158,0.008217334747314453,0.0035338049360408713,0.001,"(50, 50)",7,"{'NN__alpha': 0.001, 'NN__hidden_layer_sizes': (50, 50), 'km__n_clusters': 7}",0.5,0.4999999999999999,0.5,0.5,0.5,0.5,4.968877335291441e-17,47,0.5,0.5,0.5000000000000001,0.5,0.5,0.5,4.965068306494546e-17
156,3.0606871128082274,0.31176169574450224,0.028013992309570312,0.021392842969619952,0.001,"(50, 50)",8,"{'NN__alpha': 0.001, 'NN__hidden_layer_sizes': (50, 50), 'km__n_clusters': 8}",0.5,0.4999999999999999,0.5,0.5,0.5,0.5,4.968877335291441e-17,47,0.5,0.5,0.5000000000000001,0.5,0.5,0.5,4.965068306494546e-17
157,2.892868995666504,0.3766052117193318,0.006629323959350586,0.0034779835813060055,0.001,"(50, 50)",9,"{'NN__alpha': 0.001, 'NN__hidden_layer_sizes': (50, 50), 'km__n_clusters': 9}",0.5,0.4999999999999999,0.5,0.5,0.5,0.5,4.968877335291441e-17,47,0.5,0.5,0.5000000000000001,0.5,0.5,0.5,4.965068306494546e-17
158,3.035575103759766,0.16249347177566492,0.009037113189697266,0.0035730535034298413,0.001,"(50, 50)",10,"{'NN__alpha': 0.001, 'NN__hidden_layer_sizes': (50, 50), 'km__n_clusters': 10}",0.5,0.4999999999999999,0.5,0.5,0.5,0.5,4.968877335291441e-17,47,0.5,0.5,0.5000000000000001,0.5,0.5,0.5,4.965068306494546e-17
159,3.5107560634613035,0.46114938620295554,0.0065937042236328125,0.004019545398378757,0.001,"(50, 50)",15,"{'NN__alpha': 0.001, 'NN__hidden_layer_sizes': (50, 50), 'km__n_clusters': 15}",0.5,0.4999999999999999,0.5,0.5,0.5,0.5,4.968877335291441e-17,47,0.5,0.5,0.5000000000000001,0.5,0.5,0.5,4.965068306494546e-17
160,3.5111132144927977,0.3610688643200919,0.029240131378173828,0.040730298363912155,0.001,"(50, 50)",20,"{'NN__alpha': 0.001, 'NN__hidden_layer_sizes': (50, 50), 'km__n_clusters': 20}",0.5,0.4999999999999999,0.5,0.5,0.5,0.5,4.968877335291441e-17,47,0.5,0.5,0.5000000000000001,0.5,0.5,0.5,4.965068306494546e-17
161,5.332537221908569,2.108914792242149,0.009642982482910156,0.006381825796222806,0.001,"(50, 50)",25,"{'NN__alpha': 0.001, 'NN__hidden_layer_sizes': (50, 50), 'km__n_clusters': 25}",0.5,0.6488355681016231,0.5,0.6309344030202925,0.5,0.5559896356571833,0.06877364422784214,11,0.5,0.689548935416759,0.5000000000000001,0.6295531436816746,0.5,0.5638204158196867,0.08043331222626939
162,3.809106969833374,0.6207902914684835,0.007984352111816407,0.0010219453718916768,0.001,"(50, 50)",30,"{'NN__alpha': 0.001, 'NN__hidden_layer_sizes': (50, 50), 'km__n_clusters': 30}",0.5,0.4999999999999999,0.5,0.5,0.5,0.5,4.968877335291441e-17,47,0.5,0.5,0.5000000000000001,0.5,0.5,0.5,4.965068306494546e-17
163,4.737602567672729,0.2792452366784501,0.012893486022949218,0.009507741907385774,0.001,"(50, 50)",35,"{'NN__alpha': 0.001, 'NN__hidden_layer_sizes': (50, 50), 'km__n_clusters': 35}",0.5,0.4999999999999999,0.5,0.5,0.517677566251344,0.5035273731583648,0.0070649141043507896,28,0.5,0.5,0.5000000000000001,0.5,0.5231917775945342,0.5046383555189069,0.009276711037813657
164,4.779883241653442,0.2146326043484374,0.012267208099365235,0.004867282858681416,0.001,"(50, 50)",40,"{'NN__alpha': 0.001, 'NN__hidden_layer_sizes': (50, 50), 'km__n_clusters': 40}",0.5,0.4999999999999999,0.5,0.5,0.5,0.5,4.968877335291441e-17,47,0.5,0.5,0.5000000000000001,0.5,0.5,0.5,4.965068306494546e-17
165,1.290748405456543,0.10069289337214028,0.009325981140136719,0.006951438226830307,0.001,"(50,)",2,"{'NN__alpha': 0.001, 'NN__hidden_layer_sizes': (50,), 'km__n_clusters': 2}",0.5,0.5067513526229122,0.5,0.5,0.5051546391752577,0.5023808973293531,0.0029602869686146645,31,0.5,0.5044471987369601,0.5000000000000001,0.5,0.5017984057800292,0.5012491209033978,0.0017441516447335755
166,1.3833287239074707,0.2345576197482345,0.006077957153320312,0.0009306985098603268,0.001,"(50,)",3,"{'NN__alpha': 0.001, 'NN__hidden_layer_sizes': (50,), 'km__n_clusters': 3}",0.5,0.4999999999999999,0.5,0.5,0.5,0.5,4.968877335291441e-17,47,0.5,0.5,0.5000000000000001,0.5,0.5,0.5,4.965068306494546e-17
167,1.6456658363342285,0.1063148180754525,0.006254053115844727,0.001507243560516337,0.001,"(50,)",4,"{'NN__alpha': 0.001, 'NN__hidden_layer_sizes': (50,), 'km__n_clusters': 4}",0.5,0.4999999999999999,0.5,0.5,0.5,0.5,4.968877335291441e-17,47,0.5,0.5,0.5000000000000001,0.5,0.5,0.5,4.965068306494546e-17
168,1.73373441696167,0.19122027032597372,0.0056418895721435545,0.000882205193234121,0.001,"(50,)",5,"{'NN__alpha': 0.001, 'NN__hidden_layer_sizes': (50,), 'km__n_clusters': 5}",0.5,0.4999999999999999,0.5,0.5,0.5,0.5,4.968877335291441e-17,47,0.5,0.5,0.5000000000000001,0.5,0.5,0.5,4.965068306494546e-17
169,1.8581619739532471,0.2180106162934583,0.006268215179443359,0.000789649020042309,0.001,"(50,)",6,"{'NN__alpha': 0.001, 'NN__hidden_layer_sizes': (50,), 'km__n_clusters': 6}",0.5,0.4999999999999999,0.5,0.5,0.5,0.5,4.968877335291441e-17,47,0.5,0.5,0.5000000000000001,0.5,0.5,0.5,4.965068306494546e-17
170,2.2835730075836183,0.2797862419363966,0.011162567138671874,0.008165545314141678,0.001,"(50,)",7,"{'NN__alpha': 0.001, 'NN__hidden_layer_sizes': (50,), 'km__n_clusters': 7}",0.5,0.4999999999999999,0.5,0.5,0.5,0.5,4.968877335291441e-17,47,0.5,0.5,0.5000000000000001,0.5,0.5,0.5,4.965068306494546e-17
171,2.244090223312378,0.13509351798879352,0.005124568939208984,0.0017386914744600829,0.001,"(50,)",8,"{'NN__alpha': 0.001, 'NN__hidden_layer_sizes': (50,), 'km__n_clusters': 8}",0.5,0.4999999999999999,0.5,0.5,0.5,0.5,4.968877335291441e-17,47,0.5,0.5,0.5000000000000001,0.5,0.5,0.5,4.965068306494546e-17
172,2.498503875732422,0.3815002413493661,0.0064770221710205075,0.0038448415740147375,0.001,"(50,)",9,"{'NN__alpha': 0.001, 'NN__hidden_layer_sizes': (50,), 'km__n_clusters': 9}",0.5,0.5036462008939072,0.5,0.5066855434953594,0.5,0.502066955114237,0.002706769683769252,39,0.5,0.50504970022477,0.5000000000000001,0.5060582440675702,0.5,0.502221588858468,0.002739507556548966
173,2.4996833324432375,0.5006521962246434,0.005524396896362305,0.0007510483296852888,0.001,"(50,)",10,"{'NN__alpha': 0.001, 'NN__hidden_layer_sizes': (50,), 'km__n_clusters': 10}",0.5,0.4999999999999999,0.5,0.5,0.5,0.5,4.968877335291441e-17,47,0.5,0.5,0.5000000000000001,0.5,0.5,0.5,4.965068306494546e-17
174,2.790152072906494,0.35243850634674445,0.004999113082885742,0.0025543248274182183,0.001,"(50,)",15,"{'NN__alpha': 0.001, 'NN__hidden_layer_sizes': (50,), 'km__n_clusters': 15}",0.5,0.4999999999999999,0.5,0.5,0.5,0.5,4.968877335291441e-17,47,0.5,0.5,0.5000000000000001,0.5,0.5,0.5,4.965068306494546e-17
175,3.293533706665039,0.30601119637635693,0.01850132942199707,0.016792069972729914,0.001,"(50,)",20,"{'NN__alpha': 0.001, 'NN__hidden_layer_sizes': (50,), 'km__n_clusters': 20}",0.5,0.4999999999999999,0.5,0.5,0.5,0.5,4.968877335291441e-17,47,0.5,0.5,0.5000000000000001,0.5,0.5,0.5,4.965068306494546e-17
176,2.898631238937378,0.4159515966224807,0.006653785705566406,0.002916444562174691,0.001,"(50,)",25,"{'NN__alpha': 0.001, 'NN__hidden_layer_sizes': (50,), 'km__n_clusters': 25}",0.5,0.4999999999999999,0.5,0.5,0.5,0.5,4.968877335291441e-17,47,0.5,0.5,0.5000000000000001,0.5,0.5,0.5,4.965068306494546e-17
177,3.387343502044678,0.4921266650112451,0.005729198455810547,0.0032833724955277175,0.001,"(50,)",30,"{'NN__alpha': 0.001, 'NN__hidden_layer_sizes': (50,), 'km__n_clusters': 30}",0.5,0.4999999999999999,0.5,0.5,0.5,0.5,4.968877335291441e-17,47,0.5,0.5,0.5000000000000001,0.5,0.5,0.5,4.965068306494546e-17
178,3.9628532409667967,0.4768805718479504,0.016213178634643555,0.011495084208102033,0.001,"(50,)",35,"{'NN__alpha': 0.001, 'NN__hidden_layer_sizes': (50,), 'km__n_clusters': 35}",0.5,0.4999999999999999,0.5,0.5,0.5,0.5,4.968877335291441e-17,47,0.5,0.5,0.5000000000000001,0.5,0.5,0.5,4.965068306494546e-17
179,4.426693391799927,0.2661362954371388,0.008010292053222656,0.004884999011030541,0.001,"(50,)",40,"{'NN__alpha': 0.001, 'NN__hidden_layer_sizes': (50,), 'km__n_clusters': 40}",0.5,0.4999999999999999,0.5,0.5,0.5,0.5,4.968877335291441e-17,47,0.5,0.5,0.5000000000000001,0.5,0.5,0.5,4.965068306494546e-17
180,0.6700124263763427,0.129441387672348,0.04767961502075195,0.01494230969673744,0.001,"(25,)",2,"{'NN__alpha': 0.001, 'NN__hidden_layer_sizes': (25,), 'km__n_clusters': 2}",0.5,0.4999999999999999,0.5,0.5,0.5,0.5,4.968877335291441e-17,47,0.5,0.5,0.5000000000000001,0.5,0.5,0.5,4.965068306494546e-17
181,0.9281797409057617,0.14860112596988417,0.05004773139953613,0.03336149596779357,0.001,"(25,)",3,"{'NN__alpha': 0.001, 'NN__hidden_layer_sizes': (25,), 'km__n_clusters': 3}",0.5,0.4999999999999999,0.5059855277646689,0.5142756016989145,0.5,0.5040506709326658,0.005612267320202604,24,0.5,0.5,0.5424996117455331,0.5369937702359212,0.5,0.5158986763962908,0.01954950883791868
182,0.9992043972015381,0.1125013686461308,0.05314350128173828,0.02392419719652477,0.001,"(25,)",4,"{'NN__alpha': 0.001, 'NN__hidden_layer_sizes': (25,), 'km__n_clusters': 4}",0.5,0.4999999999999999,0.5,0.5,0.5,0.5,4.968877335291441e-17,47,0.5,0.5,0.5000000000000001,0.5,0.5,0.5,4.965068306494546e-17
183,1.1682029247283936,0.22855576754018533,0.05615081787109375,0.01953200869045939,0.001,"(25,)",5,"{'NN__alpha': 0.001, 'NN__hidden_layer_sizes': (25,), 'km__n_clusters': 5}",0.5,0.4999999999999999,0.5,0.5,0.5,0.5,4.968877335291441e-17,47,0.5,0.5,0.5000000000000001,0.5,0.5,0.5,4.965068306494546e-17
184,1.302492618560791,0.23327904171334266,0.04551773071289063,0.024554750876690987,0.001,"(25,)",6,"{'NN__alpha': 0.001, 'NN__hidden_layer_sizes': (25,), 'km__n_clusters': 6}",0.5,0.49748294518936714,0.4944863929526506,0.5,0.49846625766871167,0.4980874758652765,0.0020392005056407638,298,0.5,0.5028457743742591,0.4993591343989526,0.5,0.5,0.5004409817546424,0.001227747202656859
185,1.4561758041381836,0.14772768053639831,0.07253623008728027,0.03340674354264951,0.001,"(25,)",7,"{'NN__alpha': 0.001, 'NN__hidden_layer_sizes': (25,), 'km__n_clusters': 7}",0.5,0.4999999999999999,0.5,0.5,0.5,0.5,4.968877335291441e-17,47,0.5,0.5,0.5000000000000001,0.5,0.5,0.5,4.965068306494546e-17
186,1.5166574478149415,0.22297933391396643,0.07750329971313477,0.012990752583941785,0.001,"(25,)",8,"{'NN__alpha': 0.001, 'NN__hidden_layer_sizes': (25,), 'km__n_clusters': 8}",0.5,0.4999999999999999,0.5,0.5,0.5,0.5,4.968877335291441e-17,47,0.5,0.5,0.5000000000000001,0.5,0.5,0.5,4.965068306494546e-17
187,1.5753718852996825,0.21834230987468584,0.06758651733398438,0.02022563565662142,0.001,"(25,)",9,"{'NN__alpha': 0.001, 'NN__hidden_layer_sizes': (25,), 'km__n_clusters': 9}",0.5036462008939073,0.4999999999999999,0.5,0.5,0.5,0.5007303595036914,0.0014593191805087878,43,0.5035368066929308,0.5,0.5000000000000001,0.5,0.5,0.5007073613385862,0.0014147226771722976
188,1.5283281803131104,0.25750365432254985,0.06977043151855469,0.023967533198785734,0.001,"(25,)",10,"{'NN__alpha': 0.001, 'NN__hidden_layer_sizes': (25,), 'km__n_clusters': 10}",0.5,0.4999999999999999,0.5,0.5,0.5,0.5,4.968877335291441e-17,47,0.5,0.5,0.5000000000000001,0.5,0.5,0.5,4.965068306494546e-17
189,2.0112555027008057,0.19357520453783852,0.05835413932800293,0.0021758532639566805,0.001,"(25,)",15,"{'NN__alpha': 0.001, 'NN__hidden_layer_sizes': (25,), 'km__n_clusters': 15}",0.5,0.4999999999999999,0.5,0.5,0.5,0.5,4.968877335291441e-17,47,0.5,0.5,0.5000000000000001,0.5,0.5,0.5,4.965068306494546e-17
190,2.0634555339813234,0.18989092241410113,0.061097908020019534,0.03936194616278534,0.001,"(25,)",20,"{'NN__alpha': 0.001, 'NN__hidden_layer_sizes': (25,), 'km__n_clusters': 20}",0.5,0.4999999999999999,0.5,0.5,0.5,0.5,4.968877335291441e-17,47,0.5,0.5,0.5000000000000001,0.5,0.5,0.5,4.965068306494546e-17
191,2.264132785797119,0.17828353698393457,0.07740225791931152,0.02007269805853785,0.001,"(25,)",25,"{'NN__alpha': 0.001, 'NN__hidden_layer_sizes': (25,), 'km__n_clusters': 25}",0.5,0.4999999999999999,0.5,0.5,0.5,0.5,4.968877335291441e-17,47,0.5,0.5,0.5000000000000001,0.5,0.5,0.5,4.965068306494546e-17
192,2.269918346405029,0.19592053813617383,0.04264116287231445,0.018586041489130952,0.001,"(25,)",30,"{'NN__alpha': 0.001, 'NN__hidden_layer_sizes': (25,), 'km__n_clusters': 30}",0.5,0.4999999999999999,0.5,0.5,0.5,0.5,4.968877335291441e-17,47,0.5,0.5,0.5000000000000001,0.5,0.5,0.5,4.965068306494546e-17
193,3.0357444286346436,0.42527311795357775,0.04429807662963867,0.02248007368065756,0.001,"(25,)",35,"{'NN__alpha': 0.001, 'NN__hidden_layer_sizes': (25,), 'km__n_clusters': 35}",0.5,0.5118325099976476,0.5,0.5,0.5,0.5023701343893983,0.004735726114812344,35,0.5,0.514438394837669,0.5000000000000001,0.5,0.5,0.5028876789675338,0.005775357935067571
194,3.2208152294158934,0.23591683173071173,0.07222027778625488,0.01580912508191104,0.001,"(25,)",40,"{'NN__alpha': 0.001, 'NN__hidden_layer_sizes': (25,), 'km__n_clusters': 40}",0.5,0.4999999999999999,0.5,0.5,0.5,0.5,4.968877335291441e-17,47,0.5,0.5,0.5000000000000001,0.5,0.5,0.5,4.965068306494546e-17
195,0.9355431079864502,0.18620389163263715,0.0573150634765625,0.0337068103258805,0.001,"(25, 25)",2,"{'NN__alpha': 0.001, 'NN__hidden_layer_sizes': (25, 25), 'km__n_clusters': 2}",0.5,0.4999999999999999,0.5,0.5,0.5,0.5,4.968877335291441e-17,47,0.5,0.5,0.5000000000000001,0.5,0.5,0.5,4.965068306494546e-17
196,0.8068465709686279,0.13826809523028888,0.059144115447998045,0.023309094933111736,0.001,"(25, 25)",3,"{'NN__alpha': 0.001, 'NN__hidden_layer_sizes': (25, 25), 'km__n_clusters': 3}",0.5,0.4999999999999999,0.5,0.5,0.5,0.5,4.968877335291441e-17,47,0.5,0.5,0.5000000000000001,0.5,0.5,0.5,4.965068306494546e-17
197,1.1186113834381104,0.15826297097808925,0.07212576866149903,0.02033427627913061,0.001,"(25, 25)",4,"{'NN__alpha': 0.001, 'NN__hidden_layer_sizes': (25, 25), 'km__n_clusters': 4}",0.5,0.4999999999999999,0.5,0.5,0.5,0.5,4.968877335291441e-17,47,0.5,0.5,0.5000000000000001,0.5,0.5,0.5,4.965068306494546e-17
198,1.1108232975006103,0.1914824892977748,0.06164236068725586,0.010118019454877628,0.001,"(25, 25)",5,"{'NN__alpha': 0.001, 'NN__hidden_layer_sizes': (25, 25), 'km__n_clusters': 5}",0.5,0.4999999999999999,0.5,0.5,0.5,0.5,4.968877335291441e-17,47,0.5,0.5,0.5000000000000001,0.5,0.5,0.5,4.965068306494546e-17
199,1.2651169776916504,0.29757435510057456,0.06797065734863281,0.013035470447018825,0.001,"(25, 25)",6,"{'NN__alpha': 0.001, 'NN__hidden_layer_sizes': (25, 25), 'km__n_clusters': 6}",0.5,0.4999999999999999,0.5,0.5,0.5,0.5,4.968877335291441e-17,47,0.5,0.5,0.5000000000000001,0.5,0.5,0.5,4.965068306494546e-17
200,1.4273571491241455,0.2709257293265778,0.07876439094543457,0.029709941349350334,0.001,"(25, 25)",7,"{'NN__alpha': 0.001, 'NN__hidden_layer_sizes': (25, 25), 'km__n_clusters': 7}",0.5,0.4999999999999999,0.5,0.5,0.5,0.5,4.968877335291441e-17,47,0.5,0.5,0.5000000000000001,0.5,0.5,0.5,4.965068306494546e-17
201,1.5705675601959228,0.2184656522552598,0.04703354835510254,0.021132214620653664,0.001,"(25, 25)",8,"{'NN__alpha': 0.001, 'NN__hidden_layer_sizes': (25, 25), 'km__n_clusters': 8}",0.5,0.4999999999999999,0.5,0.5,0.5,0.5,4.968877335291441e-17,47,0.5,0.5,0.5000000000000001,0.5,0.5,0.5,4.965068306494546e-17
202,1.4991581439971924,0.2840392401664113,0.05528383255004883,0.03505717182377501,0.001,"(25, 25)",9,"{'NN__alpha': 0.001, 'NN__hidden_layer_sizes': (25, 25), 'km__n_clusters': 9}",0.5,0.4999999999999999,0.5,0.5,0.5,0.5,4.968877335291441e-17,47,0.5,0.5,0.5000000000000001,0.5,0.5,0.5,4.965068306494546e-17
203,1.9267910480499268,0.3113537614101716,0.07662196159362793,0.022854144867310078,0.001,"(25, 25)",10,"{'NN__alpha': 0.001, 'NN__hidden_layer_sizes': (25, 25), 'km__n_clusters': 10}",0.5,0.4999999999999999,0.5,0.5,0.5,0.5,4.968877335291441e-17,47,0.5,0.5,0.5000000000000001,0.5,0.5,0.5,4.965068306494546e-17
204,2.001173496246338,0.12705959786747925,0.06500067710876464,0.027114271853033656,0.001,"(25, 25)",15,"{'NN__alpha': 0.001, 'NN__hidden_layer_sizes': (25, 25), 'km__n_clusters': 15}",0.5,0.4999999999999999,0.5,0.5,0.5,0.5,4.968877335291441e-17,47,0.5,0.5,0.5000000000000001,0.5,0.5,0.5,4.965068306494546e-17
205,1.9626269817352295,0.33263203227861954,0.03995471000671387,0.014554570204328909,0.001,"(25, 25)",20,"{'NN__alpha': 0.001, 'NN__hidden_layer_sizes': (25, 25), 'km__n_clusters': 20}",0.5,0.4999999999999999,0.5,0.5,0.5,0.5,4.968877335291441e-17,47,0.5,0.5,0.5000000000000001,0.5,0.5,0.5,4.965068306494546e-17
206,2.5161954879760744,0.2698212061247508,0.07843761444091797,0.03645351253125594,0.001,"(25, 25)",25,"{'NN__alpha': 0.001, 'NN__hidden_layer_sizes': (25, 25), 'km__n_clusters': 25}",0.5,0.4999999999999999,0.5,0.5,0.5,0.5,4.968877335291441e-17,47,0.5,0.5,0.5000000000000001,0.5,0.5,0.5,4.965068306494546e-17
207,2.810979127883911,0.10937932423638251,0.055327844619750974,0.02451024341504198,0.001,"(25, 25)",30,"{'NN__alpha': 0.001, 'NN__hidden_layer_sizes': (25, 25), 'km__n_clusters': 30}",0.5,0.4999999999999999,0.5,0.5,0.5,0.5,4.968877335291441e-17,47,0.5,0.5,0.5000000000000001,0.5,0.5,0.5,4.965068306494546e-17
208,3.0227331161499023,0.168940332754799,0.06947669982910157,0.03163990115473651,0.001,"(25, 25)",35,"{'NN__alpha': 0.001, 'NN__hidden_layer_sizes': (25, 25), 'km__n_clusters': 35}",0.5,0.4999999999999999,0.5,0.523147711184521,0.5,0.5046277657433367,0.009257751837307877,19,0.5,0.5,0.5000000000000001,0.528095371023832,0.5,0.5056190742047664,0.011238148409532777
209,3.598687934875488,0.3153789260328718,0.07406253814697265,0.013919514772124261,0.001,"(25, 25)",40,"{'NN__alpha': 0.001, 'NN__hidden_layer_sizes': (25, 25), 'km__n_clusters': 40}",0.5,0.4999999999999999,0.5,0.5,0.5,0.5,4.968877335291441e-17,47,0.5,0.5,0.5000000000000001,0.5,0.5,0.5,4.965068306494546e-17
210,2.2178706169128417,0.7130991797823911,0.012610054016113282,0.003526305666169959,0.001,"(100, 25, 100)",2,"{'NN__alpha': 0.001, 'NN__hidden_layer_sizes': (100, 25, 100), 'km__n_clusters': 2}",0.5,0.4999999999999999,0.5,0.5,0.5,0.5,4.968877335291441e-17,47,0.5,0.5,0.5000000000000001,0.5,0.5,0.5,4.965068306494546e-17
211,2.7211071491241454,0.14046476478946845,0.01164851188659668,0.0022550938716059885,0.001,"(100, 25, 100)",3,"{'NN__alpha': 0.001, 'NN__hidden_layer_sizes': (100, 25, 100), 'km__n_clusters': 3}",0.5,0.4999999999999999,0.5,0.5,0.5,0.5,4.968877335291441e-17,47,0.5,0.5,0.5000000000000001,0.5,0.5,0.5,4.965068306494546e-17
212,2.852535057067871,0.3392050790836306,0.014881563186645509,0.0022900532599821285,0.001,"(100, 25, 100)",4,"{'NN__alpha': 0.001, 'NN__hidden_layer_sizes': (100, 25, 100), 'km__n_clusters': 4}",0.5,0.4999999999999999,0.5,0.5,0.5,0.5,4.968877335291441e-17,47,0.5,0.5,0.5000000000000001,0.5,0.5,0.5,4.965068306494546e-17
213,2.9527698040008543,0.24300084249401344,0.021223783493041992,0.0159753723731586,0.001,"(100, 25, 100)",5,"{'NN__alpha': 0.001, 'NN__hidden_layer_sizes': (100, 25, 100), 'km__n_clusters': 5}",0.5,0.4999999999999999,0.5,0.5,0.5,0.5,4.968877335291441e-17,47,0.5,0.5,0.5000000000000001,0.5,0.5,0.5,4.965068306494546e-17
214,3.24723596572876,0.3075071131274637,0.011670589447021484,0.002687245353903152,0.001,"(100, 25, 100)",6,"{'NN__alpha': 0.001, 'NN__hidden_layer_sizes': (100, 25, 100), 'km__n_clusters': 6}",0.5,0.4999999999999999,0.5,0.5,0.5,0.5,4.968877335291441e-17,47,0.5,0.5,0.5000000000000001,0.5,0.5,0.5,4.965068306494546e-17
215,3.5601555347442626,0.4653115707349921,0.023725605010986327,0.02365145925727033,0.001,"(100, 25, 100)",7,"{'NN__alpha': 0.001, 'NN__hidden_layer_sizes': (100, 25, 100), 'km__n_clusters': 7}",0.5,0.4999999999999999,0.5,0.5,0.5,0.5,4.968877335291441e-17,47,0.5,0.5,0.5000000000000001,0.5,0.5,0.5,4.965068306494546e-17
216,3.5630843162536623,0.31880929663143714,0.018749475479125977,0.012739473993823771,0.001,"(100, 25, 100)",8,"{'NN__alpha': 0.001, 'NN__hidden_layer_sizes': (100, 25, 100), 'km__n_clusters': 8}",0.5,0.4999999999999999,0.5,0.5,0.5,0.5,4.968877335291441e-17,47,0.5,0.5,0.5000000000000001,0.5,0.5,0.5,4.965068306494546e-17
217,3.5909163475036623,0.45734898010057756,0.011792469024658202,0.002964813283156777,0.001,"(100, 25, 100)",9,"{'NN__alpha': 0.001, 'NN__hidden_layer_sizes': (100, 25, 100), 'km__n_clusters': 9}",0.5,0.4999999999999999,0.5,0.5,0.5,0.5,4.968877335291441e-17,47,0.5,0.5,0.5000000000000001,0.5,0.5,0.5,4.965068306494546e-17
218,3.9680481910705567,0.5241938337561034,0.009322357177734376,0.001891293752378969,0.001,"(100, 25, 100)",10,"{'NN__alpha': 0.001, 'NN__hidden_layer_sizes': (100, 25, 100), 'km__n_clusters': 10}",0.5,0.4999999999999999,0.5,0.5,0.5,0.5,4.968877335291441e-17,47,0.5,0.5,0.5000000000000001,0.5,0.5,0.5,4.965068306494546e-17
219,4.799048519134521,0.6621727061155462,0.00952444076538086,0.003029743343765458,0.001,"(100, 25, 100)",15,"{'NN__alpha': 0.001, 'NN__hidden_layer_sizes': (100, 25, 100), 'km__n_clusters': 15}",0.5,0.4999999999999999,0.5,0.5,0.5,0.5,4.968877335291441e-17,47,0.5,0.5,0.5000000000000001,0.5,0.5,0.5,4.965068306494546e-17
220,4.466722393035889,0.35414289583880204,0.013450956344604493,0.002454767706027343,0.001,"(100, 25, 100)",20,"{'NN__alpha': 0.001, 'NN__hidden_layer_sizes': (100, 25, 100), 'km__n_clusters': 20}",0.5,0.4999999999999999,0.5,0.5,0.5,0.5,4.968877335291441e-17,47,0.5,0.5,0.5000000000000001,0.5,0.5,0.5,4.965068306494546e-17
221,7.52078595161438,2.8299932057152115,0.02171750068664551,0.028201110455644718,0.001,"(100, 25, 100)",25,"{'NN__alpha': 0.001, 'NN__hidden_layer_sizes': (100, 25, 100), 'km__n_clusters': 25}",0.6278522700541049,0.4999999999999999,0.6978606260814849,0.6942661632845682,0.5,0.6040049663192465,0.08848140282741167,6,0.6070416439191616,0.5,0.702117412082479,0.7028270822725959,0.5,0.6023972276548474,0.09057839250732648
222,7.8547296047210695,2.739726257695712,0.014970970153808594,0.0030828515595130515,0.001,"(100, 25, 100)",30,"{'NN__alpha': 0.001, 'NN__hidden_layer_sizes': (100, 25, 100), 'km__n_clusters': 30}",0.6691131498470949,0.6750176429075511,0.5,0.7003539405379895,0.5,0.6089872129079884,0.08950595706883631,4,0.6722091885165677,0.6964095829706028,0.5000000000000001,0.7042567433411902,0.5,0.6145751029656722,0.09414486177651739
223,8.232348346710205,1.73612549761927,0.01837911605834961,0.009031484266819689,0.001,"(100, 25, 100)",35,"{'NN__alpha': 0.001, 'NN__hidden_layer_sizes': (100, 25, 100), 'km__n_clusters': 35}",0.681439661256175,0.6626440837450011,0.6679801793298726,0.6736117665565519,0.5,0.6372145505362399,0.06879158378530503,3,0.6723729705536621,0.6779956619892878,0.6767467027857996,0.6679185825468315,0.5,0.6390067835751163,0.06959384250807155
224,7.942816925048828,2.811644339736342,0.015067481994628906,0.0026115684385326025,0.001,"(100, 25, 100)",40,"{'NN__alpha': 0.001, 'NN__hidden_layer_sizes': (100, 25, 100), 'km__n_clusters': 40}",0.6958833215713951,0.4999999999999999,0.5,0.683891772848828,0.5,0.5760010389541472,0.09311454148791964,10,0.6869456371514714,0.5,0.5000000000000001,0.6895276466668109,0.5,0.5752946567636564,0.09222035937388762
225,1.751396942138672,0.15373906069661694,0.008431577682495117,0.0016307683199498883,0.0001,"(50, 50)",2,"{'NN__alpha': 0.0001, 'NN__hidden_layer_sizes': (50, 50), 'km__n_clusters': 2}",0.5,0.4999999999999999,0.5,0.5,0.5,0.5,4.968877335291441e-17,47,0.5,0.5,0.5000000000000001,0.5,0.5,0.5,4.965068306494546e-17
226,2.1821199893951415,0.18644170694051826,0.009214448928833007,0.0014376769484387307,0.0001,"(50, 50)",3,"{'NN__alpha': 0.0001, 'NN__hidden_layer_sizes': (50, 50), 'km__n_clusters': 3}",0.5,0.4999999999999999,0.5,0.5,0.5,0.5,4.968877335291441e-17,47,0.5,0.5,0.5000000000000001,0.5,0.5,0.5,4.965068306494546e-17
227,2.3228381633758546,0.23617382980918755,0.011437320709228515,0.008049053077340385,0.0001,"(50, 50)",4,"{'NN__alpha': 0.0001, 'NN__hidden_layer_sizes': (50, 50), 'km__n_clusters': 4}",0.5,0.4999999999999999,0.5,0.5,0.5,0.5,4.968877335291441e-17,47,0.5,0.5,0.5000000000000001,0.5,0.5,0.5,4.965068306494546e-17
228,2.3841500759124754,0.17350267575088904,0.010024070739746094,0.0023817478542353322,0.0001,"(50, 50)",5,"{'NN__alpha': 0.0001, 'NN__hidden_layer_sizes': (50, 50), 'km__n_clusters': 5}",0.5,0.4999999999999999,0.5,0.5,0.5,0.5,4.968877335291441e-17,47,0.5,0.5,0.5000000000000001,0.5,0.5,0.5,4.965068306494546e-17
229,2.5997223377227785,0.4151509576584985,0.008081626892089844,0.004966489374931526,0.0001,"(50, 50)",6,"{'NN__alpha': 0.0001, 'NN__hidden_layer_sizes': (50, 50), 'km__n_clusters': 6}",0.5,0.4999999999999999,0.5,0.5,0.5,0.5,4.968877335291441e-17,47,0.5,0.5,0.5000000000000001,0.5,0.5,0.5,4.965068306494546e-17
230,3.057356834411621,0.3338290359327389,0.017518901824951173,0.008960654617813701,0.0001,"(50, 50)",7,"{'NN__alpha': 0.0001, 'NN__hidden_layer_sizes': (50, 50), 'km__n_clusters': 7}",0.5,0.4999999999999999,0.5,0.5,0.5,0.5,4.968877335291441e-17,47,0.5,0.5,0.5000000000000001,0.5,0.5,0.5,4.965068306494546e-17
231,2.951640176773071,0.39079288468981854,0.01575322151184082,0.012813720995533845,0.0001,"(50, 50)",8,"{'NN__alpha': 0.0001, 'NN__hidden_layer_sizes': (50, 50), 'km__n_clusters': 8}",0.5,0.4999999999999999,0.5,0.5,0.5,0.5,4.968877335291441e-17,47,0.5,0.5,0.5000000000000001,0.5,0.5,0.5,4.965068306494546e-17
232,2.8309295177459717,0.22508214385956776,0.00856609344482422,0.0033048102578617923,0.0001,"(50, 50)",9,"{'NN__alpha': 0.0001, 'NN__hidden_layer_sizes': (50, 50), 'km__n_clusters': 9}",0.5,0.4999999999999999,0.5,0.5,0.5,0.5,4.968877335291441e-17,47,0.5,0.5,0.5000000000000001,0.5,0.5,0.5,4.965068306494546e-17
233,3.1996774673461914,0.21395638259525113,0.01966695785522461,0.023870830905286116,0.0001,"(50, 50)",10,"{'NN__alpha': 0.0001, 'NN__hidden_layer_sizes': (50, 50), 'km__n_clusters': 10}",0.5,0.4999999999999999,0.5,0.5,0.5,0.5,4.968877335291441e-17,47,0.5,0.5,0.5000000000000001,0.5,0.5,0.5,4.965068306494546e-17
234,3.739584445953369,0.5008937616076301,0.009780216217041015,0.004959285229431251,0.0001,"(50, 50)",15,"{'NN__alpha': 0.0001, 'NN__hidden_layer_sizes': (50, 50), 'km__n_clusters': 15}",0.5,0.4999999999999999,0.5,0.5,0.5,0.5,4.968877335291441e-17,47,0.5,0.5,0.5000000000000001,0.5,0.5,0.5,4.965068306494546e-17
235,3.891632890701294,0.718510577856575,0.007264089584350586,0.0023630614743229542,0.0001,"(50, 50)",20,"{'NN__alpha': 0.0001, 'NN__hidden_layer_sizes': (50, 50), 'km__n_clusters': 20}",0.5,0.4999999999999999,0.5,0.5,0.5,0.5,4.968877335291441e-17,47,0.5,0.5,0.5000000000000001,0.5,0.5,0.5,4.965068306494546e-17
236,4.952601528167724,1.350491215727233,0.018480205535888673,0.018400964075338002,0.0001,"(50, 50)",25,"{'NN__alpha': 0.0001, 'NN__hidden_layer_sizes': (50, 50), 'km__n_clusters': 25}",0.5,0.6488355681016231,0.5,0.6283467044203241,0.5,0.5554722945326309,0.06821540295995082,13,0.5,0.6885239451305584,0.5000000000000001,0.6228643547014177,0.5,0.5622776599663952,0.07904984868971707
237,5.479793548583984,1.5682388685295374,0.008894681930541992,0.002296238771700861,0.0001,"(50, 50)",30,"{'NN__alpha': 0.0001, 'NN__hidden_layer_sizes': (50, 50), 'km__n_clusters': 30}",0.5,0.4999999999999999,0.5,0.6962560956425986,0.5,0.539236157263927,0.07849113960057971,15,0.5,0.5,0.5000000000000001,0.6945051672246392,0.5,0.5389010334449278,0.07780206688985566
238,4.973790168762207,0.35647960243911764,0.011939573287963866,0.006661231985285509,0.0001,"(50, 50)",35,"{'NN__alpha': 0.0001, 'NN__hidden_layer_sizes': (50, 50), 'km__n_clusters': 35}",0.5,0.4999999999999999,0.5,0.5,0.517677566251344,0.5035273731583648,0.0070649141043507896,28,0.5,0.5,0.5000000000000001,0.5,0.5234499548435231,0.5046899909687046,0.00937998193740922
239,5.060802984237671,0.3634944088341668,0.009821653366088867,0.0033535467376395074,0.0001,"(50, 50)",40,"{'NN__alpha': 0.0001, 'NN__hidden_layer_sizes': (50, 50), 'km__n_clusters': 40}",0.5,0.4999999999999999,0.5,0.5,0.5,0.5,4.968877335291441e-17,47,0.5,0.5,0.5000000000000001,0.5,0.5,0.5,4.965068306494546e-17
240,1.1624119758605957,0.15147230354606311,0.00557861328125,0.0009527728302249053,0.0001,"(50,)",2,"{'NN__alpha': 0.0001, 'NN__hidden_layer_sizes': (50,), 'km__n_clusters': 2}",0.5,0.5067513526229122,0.5,0.5,0.5051546391752577,0.5023808973293531,0.0029602869686146645,31,0.5,0.5044471987369601,0.5000000000000001,0.5,0.5017984057800292,0.5012491209033978,0.0017441516447335755
241,1.314877414703369,0.1769770549277049,0.006082582473754883,0.0005942035107423433,0.0001,"(50,)",3,"{'NN__alpha': 0.0001, 'NN__hidden_layer_sizes': (50,), 'km__n_clusters': 3}",0.5,0.4999999999999999,0.5,0.5,0.5,0.5,4.968877335291441e-17,47,0.5,0.5,0.5000000000000001,0.5,0.5,0.5,4.965068306494546e-17
242,1.5541680812835694,0.19417928555519245,0.005722904205322265,0.0009109090836131581,0.0001,"(50,)",4,"{'NN__alpha': 0.0001, 'NN__hidden_layer_sizes': (50,), 'km__n_clusters': 4}",0.5,0.4999999999999999,0.5,0.5,0.5,0.5,4.968877335291441e-17,47,0.5,0.5,0.5000000000000001,0.5,0.5,0.5,4.965068306494546e-17
243,1.8439951419830323,0.24098445256309847,0.006583404541015625,0.0013807915082724876,0.0001,"(50,)",5,"{'NN__alpha': 0.0001, 'NN__hidden_layer_sizes': (50,), 'km__n_clusters': 5}",0.5,0.4999999999999999,0.5,0.5,0.5,0.5,4.968877335291441e-17,47,0.5,0.5,0.5000000000000001,0.5,0.5,0.5,4.965068306494546e-17
244,2.241554927825928,0.6258280636527723,0.005912876129150391,0.000863167913215789,0.0001,"(50,)",6,"{'NN__alpha': 0.0001, 'NN__hidden_layer_sizes': (50,), 'km__n_clusters': 6}",0.5,0.4999999999999999,0.5,0.5,0.5,0.5,4.968877335291441e-17,47,0.5,0.5,0.5000000000000001,0.5,0.5,0.5,4.965068306494546e-17
245,2.2400600910186768,0.24091841761334154,0.008274173736572266,0.002909737945873265,0.0001,"(50,)",7,"{'NN__alpha': 0.0001, 'NN__hidden_layer_sizes': (50,), 'km__n_clusters': 7}",0.5,0.4999999999999999,0.5,0.5,0.5,0.5,4.968877335291441e-17,47,0.5,0.5,0.5000000000000001,0.5,0.5,0.5,4.965068306494546e-17
246,2.161277437210083,0.12811234692521145,0.006225872039794922,0.0013100408244196417,0.0001,"(50,)",8,"{'NN__alpha': 0.0001, 'NN__hidden_layer_sizes': (50,), 'km__n_clusters': 8}",0.5,0.4999999999999999,0.5,0.5,0.5,0.5,4.968877335291441e-17,47,0.5,0.5,0.5000000000000001,0.5,0.5,0.5,4.965068306494546e-17
247,2.569776487350464,0.2595345495989287,0.01117849349975586,0.007887878851415136,0.0001,"(50,)",9,"{'NN__alpha': 0.0001, 'NN__hidden_layer_sizes': (50,), 'km__n_clusters': 9}",0.5,0.5036462008939072,0.5,0.5066855434953594,0.5,0.502066955114237,0.002706769683769252,39,0.5,0.50504970022477,0.5000000000000001,0.5060582440675702,0.5,0.502221588858468,0.002739507556548966
248,2.4884738445281984,0.29473311019924414,0.005338525772094727,0.0013471413700416061,0.0001,"(50,)",10,"{'NN__alpha': 0.0001, 'NN__hidden_layer_sizes': (50,), 'km__n_clusters': 10}",0.5,0.4999999999999999,0.5,0.5,0.5,0.5,4.968877335291441e-17,47,0.5,0.5,0.5000000000000001,0.5,0.5,0.5,4.965068306494546e-17
249,2.8223197937011717,0.3294497127364686,0.004197216033935547,0.0019480635113962627,0.0001,"(50,)",15,"{'NN__alpha': 0.0001, 'NN__hidden_layer_sizes': (50,), 'km__n_clusters': 15}",0.5,0.4999999999999999,0.5,0.5,0.5,0.5,4.968877335291441e-17,47,0.5,0.5,0.5000000000000001,0.5,0.5,0.5,4.965068306494546e-17
250,3.156294250488281,0.19562073348112738,0.004773521423339843,0.0025422390461608893,0.0001,"(50,)",20,"{'NN__alpha': 0.0001, 'NN__hidden_layer_sizes': (50,), 'km__n_clusters': 20}",0.5,0.4999999999999999,0.5,0.5,0.5,0.5,4.968877335291441e-17,47,0.5,0.5,0.5000000000000001,0.5,0.5,0.5,4.965068306494546e-17
251,2.832343006134033,0.47745973479255505,0.006922388076782226,0.0024032537359976085,0.0001,"(50,)",25,"{'NN__alpha': 0.0001, 'NN__hidden_layer_sizes': (50,), 'km__n_clusters': 25}",0.5,0.4999999999999999,0.5,0.5,0.5,0.5,4.968877335291441e-17,47,0.5,0.5,0.5000000000000001,0.5,0.5,0.5,4.965068306494546e-17
252,3.5875861644744873,0.3235428735894738,0.007761764526367188,0.002862437448515582,0.0001,"(50,)",30,"{'NN__alpha': 0.0001, 'NN__hidden_layer_sizes': (50,), 'km__n_clusters': 30}",0.5,0.4999999999999999,0.5,0.5,0.5,0.5,4.968877335291441e-17,47,0.5,0.5,0.5000000000000001,0.5,0.5,0.5,4.965068306494546e-17
253,3.7074246406555176,0.28826304853107776,0.010581398010253906,0.009486324628585079,0.0001,"(50,)",35,"{'NN__alpha': 0.0001, 'NN__hidden_layer_sizes': (50,), 'km__n_clusters': 35}",0.5,0.4999999999999999,0.5,0.5,0.5,0.5,4.968877335291441e-17,47,0.5,0.5,0.5000000000000001,0.5,0.5,0.5,4.965068306494546e-17
254,4.330364990234375,0.2611498774714879,0.007233953475952149,0.0024568319893316414,0.0001,"(50,)",40,"{'NN__alpha': 0.0001, 'NN__hidden_layer_sizes': (50,), 'km__n_clusters': 40}",0.5,0.4999999999999999,0.5,0.5,0.5,0.5,4.968877335291441e-17,47,0.5,0.5,0.5000000000000001,0.5,0.5,0.5,4.965068306494546e-17
255,0.6626742839813232,0.1316403594980958,0.07362837791442871,0.01734699727504539,0.0001,"(25,)",2,"{'NN__alpha': 0.0001, 'NN__hidden_layer_sizes': (25,), 'km__n_clusters': 2}",0.5,0.4999999999999999,0.5,0.5,0.5,0.5,4.968877335291441e-17,47,0.5,0.5,0.5000000000000001,0.5,0.5,0.5,4.965068306494546e-17
256,0.8889920234680175,0.187909594189182,0.06247072219848633,0.026150434260118417,0.0001,"(25,)",3,"{'NN__alpha': 0.0001, 'NN__hidden_layer_sizes': (25,), 'km__n_clusters': 3}",0.5,0.4999999999999999,0.5059855277646689,0.5142756016989145,0.5,0.5040506709326658,0.005612267320202604,24,0.5,0.5,0.5424996117455331,0.5369937702359212,0.5,0.5158986763962908,0.01954950883791868
257,1.0128925800323487,0.11805401747983563,0.0528872013092041,0.030271853615720108,0.0001,"(25,)",4,"{'NN__alpha': 0.0001, 'NN__hidden_layer_sizes': (25,), 'km__n_clusters': 4}",0.5,0.4999999999999999,0.5,0.5,0.5,0.5,4.968877335291441e-17,47,0.5,0.5,0.5000000000000001,0.5,0.5,0.5,4.965068306494546e-17
258,1.102745532989502,0.2755750885493139,0.06573457717895508,0.0208492419895447,0.0001,"(25,)",5,"{'NN__alpha': 0.0001, 'NN__hidden_layer_sizes': (25,), 'km__n_clusters': 5}",0.5,0.4999999999999999,0.5,0.5,0.5,0.5,4.968877335291441e-17,47,0.5,0.5,0.5000000000000001,0.5,0.5,0.5,4.965068306494546e-17
259,1.1308281898498536,0.08262370046532076,0.0476020336151123,0.014949042342979673,0.0001,"(25,)",6,"{'NN__alpha': 0.0001, 'NN__hidden_layer_sizes': (25,), 'km__n_clusters': 6}",0.5,0.49748294518936714,0.4944863929526506,0.5,0.49846625766871167,0.4980874758652765,0.0020392005056407638,298,0.5,0.5028457743742591,0.4993591343989526,0.5,0.5,0.5004409817546424,0.001227747202656859
260,1.4484608173370361,0.1816908396184588,0.0625378131866455,0.01840762590173408,0.0001,"(25,)",7,"{'NN__alpha': 0.0001, 'NN__hidden_layer_sizes': (25,), 'km__n_clusters': 7}",0.5,0.4999999999999999,0.5,0.5,0.5,0.5,4.968877335291441e-17,47,0.5,0.5,0.5000000000000001,0.5,0.5,0.5,4.965068306494546e-17
261,1.436267328262329,0.2392567447234276,0.07365212440490723,0.04634757457198062,0.0001,"(25,)",8,"{'NN__alpha': 0.0001, 'NN__hidden_layer_sizes': (25,), 'km__n_clusters': 8}",0.5,0.4999999999999999,0.5,0.5,0.5,0.5,4.968877335291441e-17,47,0.5,0.5,0.5000000000000001,0.5,0.5,0.5,4.965068306494546e-17
262,1.6763701915740967,0.23432308216078315,0.029876899719238282,0.017032876139250627,0.0001,"(25,)",9,"{'NN__alpha': 0.0001, 'NN__hidden_layer_sizes': (25,), 'km__n_clusters': 9}",0.5036462008939073,0.4999999999999999,0.5,0.5,0.5,0.5007303595036914,0.0014593191805087878,43,0.5035368066929308,0.5,0.5000000000000001,0.5,0.5,0.5007073613385862,0.0014147226771722976
263,1.4232702255249023,0.2356373001656787,0.06908535957336426,0.01551356747252348,0.0001,"(25,)",10,"{'NN__alpha': 0.0001, 'NN__hidden_layer_sizes': (25,), 'km__n_clusters': 10}",0.5,0.4999999999999999,0.5,0.5,0.5,0.5,4.968877335291441e-17,47,0.5,0.5,0.5000000000000001,0.5,0.5,0.5,4.965068306494546e-17
264,2.0478947162628174,0.06218238113890273,0.06081089973449707,0.02773599701774925,0.0001,"(25,)",15,"{'NN__alpha': 0.0001, 'NN__hidden_layer_sizes': (25,), 'km__n_clusters': 15}",0.5,0.4999999999999999,0.5,0.5,0.5,0.5,4.968877335291441e-17,47,0.5,0.5,0.5000000000000001,0.5,0.5,0.5,4.965068306494546e-17
265,2.276502323150635,0.24768409087602805,0.041626930236816406,0.02796395149844931,0.0001,"(25,)",20,"{'NN__alpha': 0.0001, 'NN__hidden_layer_sizes': (25,), 'km__n_clusters': 20}",0.5,0.4999999999999999,0.5,0.5,0.5,0.5,4.968877335291441e-17,47,0.5,0.5,0.5000000000000001,0.5,0.5,0.5,4.965068306494546e-17
266,2.185869550704956,0.24932026456540457,0.07456750869750976,0.022775169095259295,0.0001,"(25,)",25,"{'NN__alpha': 0.0001, 'NN__hidden_layer_sizes': (25,), 'km__n_clusters': 25}",0.5,0.4999999999999999,0.5,0.5,0.5,0.5,4.968877335291441e-17,47,0.5,0.5,0.5000000000000001,0.5,0.5,0.5,4.965068306494546e-17
267,2.492277002334595,0.27092080723077655,0.06380457878112793,0.02528097670710913,0.0001,"(25,)",30,"{'NN__alpha': 0.0001, 'NN__hidden_layer_sizes': (25,), 'km__n_clusters': 30}",0.5,0.4999999999999999,0.5,0.5,0.5,0.5,4.968877335291441e-17,47,0.5,0.5,0.5000000000000001,0.5,0.5,0.5,4.965068306494546e-17
268,3.1912184238433836,0.3549871422602356,0.08408713340759277,0.014080492601304066,0.0001,"(25,)",35,"{'NN__alpha': 0.0001, 'NN__hidden_layer_sizes': (25,), 'km__n_clusters': 35}",0.5,0.5118325099976476,0.5,0.5,0.5,0.5023701343893983,0.004735726114812344,35,0.5,0.514438394837669,0.5000000000000001,0.5,0.5,0.5028876789675338,0.005775357935067571
269,3.116183614730835,0.190030400063601,0.058505916595458986,0.02506782497170493,0.0001,"(25,)",40,"{'NN__alpha': 0.0001, 'NN__hidden_layer_sizes': (25,), 'km__n_clusters': 40}",0.5,0.4999999999999999,0.5,0.5,0.5,0.5,4.968877335291441e-17,47,0.5,0.5,0.5000000000000001,0.5,0.5,0.5,4.965068306494546e-17
270,0.9365179538726807,0.1638967738390139,0.07709741592407227,0.04345811415119023,0.0001,"(25, 25)",2,"{'NN__alpha': 0.0001, 'NN__hidden_layer_sizes': (25, 25), 'km__n_clusters': 2}",0.5,0.4999999999999999,0.5,0.5,0.5,0.5,4.968877335291441e-17,47,0.5,0.5,0.5000000000000001,0.5,0.5,0.5,4.965068306494546e-17
271,0.970837926864624,0.21401920139484193,0.06128139495849609,0.02529702527707585,0.0001,"(25, 25)",3,"{'NN__alpha': 0.0001, 'NN__hidden_layer_sizes': (25, 25), 'km__n_clusters': 3}",0.5,0.4999999999999999,0.5,0.5,0.5,0.5,4.968877335291441e-17,47,0.5,0.5,0.5000000000000001,0.5,0.5,0.5,4.965068306494546e-17
272,1.1499459743499756,0.21827348792880208,0.049127197265625,0.021789911755550704,0.0001,"(25, 25)",4,"{'NN__alpha': 0.0001, 'NN__hidden_layer_sizes': (25, 25), 'km__n_clusters': 4}",0.5,0.4999999999999999,0.5,0.5,0.5,0.5,4.968877335291441e-17,47,0.5,0.5,0.5000000000000001,0.5,0.5,0.5,4.965068306494546e-17
273,1.1452915668487549,0.15852707593677764,0.05780344009399414,0.015869384467304442,0.0001,"(25, 25)",5,"{'NN__alpha': 0.0001, 'NN__hidden_layer_sizes': (25, 25), 'km__n_clusters': 5}",0.5,0.4999999999999999,0.5,0.5,0.5,0.5,4.968877335291441e-17,47,0.5,0.5,0.5000000000000001,0.5,0.5,0.5,4.965068306494546e-17
274,1.2018310546875,0.27675561375368585,0.0764129638671875,0.017897997529449653,0.0001,"(25, 25)",6,"{'NN__alpha': 0.0001, 'NN__hidden_layer_sizes': (25, 25), 'km__n_clusters': 6}",0.5,0.4999999999999999,0.5,0.5,0.5,0.5,4.968877335291441e-17,47,0.5,0.5,0.5000000000000001,0.5,0.5,0.5,4.965068306494546e-17
275,1.5270153522491454,0.21442462859490372,0.061306095123291014,0.007416865169807076,0.0001,"(25, 25)",7,"{'NN__alpha': 0.0001, 'NN__hidden_layer_sizes': (25, 25), 'km__n_clusters': 7}",0.5,0.4999999999999999,0.5,0.5,0.5,0.5,4.968877335291441e-17,47,0.5,0.5,0.5000000000000001,0.5,0.5,0.5,4.965068306494546e-17
276,1.4511457920074462,0.23661383512624645,0.06903085708618165,0.03814091355113863,0.0001,"(25, 25)",8,"{'NN__alpha': 0.0001, 'NN__hidden_layer_sizes': (25, 25), 'km__n_clusters': 8}",0.5,0.4999999999999999,0.5,0.5,0.5,0.5,4.968877335291441e-17,47,0.5,0.5,0.5000000000000001,0.5,0.5,0.5,4.965068306494546e-17
277,1.5505138397216798,0.13038960310329317,0.05926280021667481,0.04099980631758305,0.0001,"(25, 25)",9,"{'NN__alpha': 0.0001, 'NN__hidden_layer_sizes': (25, 25), 'km__n_clusters': 9}",0.5,0.4999999999999999,0.5,0.5,0.5,0.5,4.968877335291441e-17,47,0.5,0.5,0.5000000000000001,0.5,0.5,0.5,4.965068306494546e-17
278,1.7907186031341553,0.12368577396259396,0.07569923400878906,0.018351900336159882,0.0001,"(25, 25)",10,"{'NN__alpha': 0.0001, 'NN__hidden_layer_sizes': (25, 25), 'km__n_clusters': 10}",0.5,0.4999999999999999,0.5,0.5,0.5,0.5,4.968877335291441e-17,47,0.5,0.5,0.5000000000000001,0.5,0.5,0.5,4.965068306494546e-17
279,1.9935859203338624,0.3012280744681185,0.06107001304626465,0.012562395795341004,0.0001,"(25, 25)",15,"{'NN__alpha': 0.0001, 'NN__hidden_layer_sizes': (25, 25), 'km__n_clusters': 15}",0.5,0.4999999999999999,0.5,0.5,0.5,0.5,4.968877335291441e-17,47,0.5,0.5,0.5000000000000001,0.5,0.5,0.5,4.965068306494546e-17
280,2.0211988925933837,0.12599568009974885,0.055678796768188474,0.02609583553717135,0.0001,"(25, 25)",20,"{'NN__alpha': 0.0001, 'NN__hidden_layer_sizes': (25, 25), 'km__n_clusters': 20}",0.5,0.4999999999999999,0.5,0.5,0.5,0.5,4.968877335291441e-17,47,0.5,0.5,0.5000000000000001,0.5,0.5,0.5,4.965068306494546e-17
281,2.5419840812683105,0.13127635933780046,0.06431269645690918,0.03215130702933054,0.0001,"(25, 25)",25,"{'NN__alpha': 0.0001, 'NN__hidden_layer_sizes': (25, 25), 'km__n_clusters': 25}",0.5,0.4999999999999999,0.5,0.5,0.5,0.5,4.968877335291441e-17,47,0.5,0.5,0.5000000000000001,0.5,0.5,0.5,4.965068306494546e-17
282,2.2870741844177247,0.5432065183302183,0.0770756721496582,0.022531755366202263,0.0001,"(25, 25)",30,"{'NN__alpha': 0.0001, 'NN__hidden_layer_sizes': (25, 25), 'km__n_clusters': 30}",0.5,0.4999999999999999,0.5,0.5,0.5,0.5,4.968877335291441e-17,47,0.5,0.5,0.5000000000000001,0.5,0.5,0.5,4.965068306494546e-17
283,3.043034887313843,0.20753361351463867,0.06421427726745606,0.018495336989845734,0.0001,"(25, 25)",35,"{'NN__alpha': 0.0001, 'NN__hidden_layer_sizes': (25, 25), 'km__n_clusters': 35}",0.5,0.4999999999999999,0.5,0.523147711184521,0.5,0.5046277657433367,0.009257751837307877,19,0.5,0.5,0.5000000000000001,0.528095371023832,0.5,0.5056190742047664,0.011238148409532777
284,3.6288300514221192,0.3306219445366723,0.06909008026123047,0.0319047479024492,0.0001,"(25, 25)",40,"{'NN__alpha': 0.0001, 'NN__hidden_layer_sizes': (25, 25), 'km__n_clusters': 40}",0.5,0.4999999999999999,0.5,0.5,0.5,0.5,4.968877335291441e-17,47,0.5,0.5,0.5000000000000001,0.5,0.5,0.5,4.965068306494546e-17
285,2.2456101417541503,0.638895024197073,0.009583997726440429,0.003598389934002829,0.0001,"(100, 25, 100)",2,"{'NN__alpha': 0.0001, 'NN__hidden_layer_sizes': (100, 25, 100), 'km__n_clusters': 2}",0.5,0.4999999999999999,0.5,0.5,0.5,0.5,4.968877335291441e-17,47,0.5,0.5,0.5000000000000001,0.5,0.5,0.5,4.965068306494546e-17
286,2.508944797515869,0.3768459311395666,0.011397457122802735,0.0014683155535796194,0.0001,"(100, 25, 100)",3,"{'NN__alpha': 0.0001, 'NN__hidden_layer_sizes': (100, 25, 100), 'km__n_clusters': 3}",0.5,0.4999999999999999,0.5,0.5,0.5,0.5,4.968877335291441e-17,47,0.5,0.5,0.5000000000000001,0.5,0.5,0.5,4.965068306494546e-17
287,2.8973989486694336,0.22792527699281157,0.014111948013305665,0.003527881400024214,0.0001,"(100, 25, 100)",4,"{'NN__alpha': 0.0001, 'NN__hidden_layer_sizes': (100, 25, 100), 'km__n_clusters': 4}",0.5,0.4999999999999999,0.5,0.5,0.5,0.5,4.968877335291441e-17,47,0.5,0.5,0.5000000000000001,0.5,0.5,0.5,4.965068306494546e-17
288,2.9396358489990235,0.31708273596376835,0.014088821411132813,0.00307104482189779,0.0001,"(100, 25, 100)",5,"{'NN__alpha': 0.0001, 'NN__hidden_layer_sizes': (100, 25, 100), 'km__n_clusters': 5}",0.5,0.4999999999999999,0.5,0.5,0.5,0.5,4.968877335291441e-17,47,0.5,0.5,0.5000000000000001,0.5,0.5,0.5,4.965068306494546e-17
289,3.2087950706481934,0.1649078206584162,0.014114904403686523,0.0007781689710815402,0.0001,"(100, 25, 100)",6,"{'NN__alpha': 0.0001, 'NN__hidden_layer_sizes': (100, 25, 100), 'km__n_clusters': 6}",0.5,0.4999999999999999,0.5,0.5,0.5,0.5,4.968877335291441e-17,47,0.5,0.5,0.5000000000000001,0.5,0.5,0.5,4.965068306494546e-17
290,3.7499173164367674,0.2669235902648403,0.016553544998168947,0.004627737376329546,0.0001,"(100, 25, 100)",7,"{'NN__alpha': 0.0001, 'NN__hidden_layer_sizes': (100, 25, 100), 'km__n_clusters': 7}",0.5,0.4999999999999999,0.5,0.5,0.5,0.5,4.968877335291441e-17,47,0.5,0.5,0.5000000000000001,0.5,0.5,0.5,4.965068306494546e-17
291,3.6578248500823975,0.350693477148074,0.011529970169067382,0.0005497538584740327,0.0001,"(100, 25, 100)",8,"{'NN__alpha': 0.0001, 'NN__hidden_layer_sizes': (100, 25, 100), 'km__n_clusters': 8}",0.5,0.4999999999999999,0.5,0.5,0.5,0.5,4.968877335291441e-17,47,0.5,0.5,0.5000000000000001,0.5,0.5,0.5,4.965068306494546e-17
292,3.6066431999206543,0.32694720577643077,0.011823558807373047,0.003430217584453045,0.0001,"(100, 25, 100)",9,"{'NN__alpha': 0.0001, 'NN__hidden_layer_sizes': (100, 25, 100), 'km__n_clusters': 9}",0.5,0.4999999999999999,0.5,0.5,0.5,0.5,4.968877335291441e-17,47,0.5,0.5,0.5000000000000001,0.5,0.5,0.5,4.965068306494546e-17
293,4.1521390914917,0.8006067554878519,0.017333364486694335,0.01073936412366165,0.0001,"(100, 25, 100)",10,"{'NN__alpha': 0.0001, 'NN__hidden_layer_sizes': (100, 25, 100), 'km__n_clusters': 10}",0.5,0.4999999999999999,0.5,0.5,0.5,0.5,4.968877335291441e-17,47,0.5,0.5,0.5000000000000001,0.5,0.5,0.5,4.965068306494546e-17
294,4.110153770446777,0.48586740030369907,0.013005828857421875,0.0049976978773195275,0.0001,"(100, 25, 100)",15,"{'NN__alpha': 0.0001, 'NN__hidden_layer_sizes': (100, 25, 100), 'km__n_clusters': 15}",0.5,0.4999999999999999,0.5,0.5,0.5,0.5,4.968877335291441e-17,47,0.5,0.5,0.5000000000000001,0.5,0.5,0.5,4.965068306494546e-17
295,4.39144811630249,0.7799756878000496,0.010384702682495117,0.004124079612551747,0.0001,"(100, 25, 100)",20,"{'NN__alpha': 0.0001, 'NN__hidden_layer_sizes': (100, 25, 100), 'km__n_clusters': 20}",0.5,0.4999999999999999,0.5,0.5,0.5,0.5,4.968877335291441e-17,47,0.5,0.5,0.5000000000000001,0.5,0.5,0.5,4.965068306494546e-17
296,7.734447193145752,2.913177058491455,0.010633707046508789,0.005254098894403038,0.0001,"(100, 25, 100)",25,"{'NN__alpha': 0.0001, 'NN__hidden_layer_sizes': (100, 25, 100), 'km__n_clusters': 25}",0.6227240649258998,0.4999999999999999,0.7004247286455875,0.6942661632845682,0.5,0.6034903747455606,0.08878349327580679,7,0.606524230396569,0.5,0.702894412477614,0.7042459311914794,0.5,0.6027329148131325,0.09106008538814396
297,6.884071159362793,2.010547973832205,0.025443172454833983,0.022874532833266594,0.0001,"(100, 25, 100)",30,"{'NN__alpha': 0.0001, 'NN__hidden_layer_sizes': (100, 25, 100), 'km__n_clusters': 30}",0.6675840978593274,0.6672782874617735,0.5,0.7019112789051439,0.5,0.6074420343235589,0.08852805170306434,5,0.6711940349893518,0.6800653160796581,0.5000000000000001,0.7045270470839632,0.5,0.6111572796305946,0.09141392080565984
298,7.99193377494812,1.1438118192222526,0.01016530990600586,0.003564385339381437,0.0001,"(100, 25, 100)",35,"{'NN__alpha': 0.0001, 'NN__hidden_layer_sizes': (100, 25, 100), 'km__n_clusters': 35}",0.6733003999059045,0.6585509291931311,0.6705442818939752,0.6838681768129621,0.5,0.6373274308426751,0.06903726211657772,1,0.676502441975418,0.6747864193705457,0.677535006791996,0.6693487350767761,0.5,0.6396345206429472,0.06987428762065778
299,4.959271001815796,1.5789444629293545,0.004656744003295898,0.0018982008279085423,0.0001,"(100, 25, 100)",40,"{'NN__alpha': 0.0001, 'NN__hidden_layer_sizes': (100, 25, 100), 'km__n_clusters': 40}",0.6947541754881205,0.4999999999999999,0.5,0.5,0.5,0.5390106214907133,0.07794647416407828,16,0.676089789936012,0.5,0.5000000000000001,0.5,0.5,0.5352179579872024,0.07043591597440478
